timestamp,symbol,direction,entry,sl,tp,volume,status,retcode,comment,sl_ratio,base_pips
2025-11-27T08:11:34.494486,XAUUSD,-1,4161.789,4167.789,4155.789,0.5,OK,10009,LiveEngineScreen,1:1,60
2025-11-27T08:11:39.983010,XAUUSD,-1,4161.875,4167.875,4155.875,0.5,OK,10009,LiveEngineScreen,1:1,60
2025-11-27T08:38:48.073918,EURUSD,-1,1.15918,1.15978,1.1585800000000002,0.8,OK,10009,LiveEngineScreen,1:1,60
2025-11-27T08:38:58.297544,EURUSD,-1,1.15919,1.1597899999999999,1.15859,0.8,OK,10009,LiveEngineScreen,1:1,60
2025-11-27T08:39:18.618352,GBPJPY,1,206.607,206.531,206.651,0.9,OK,10009,LiveEngineScreen,1:1,60
2025-11-27T08:39:23.859102,GBPJPY,1,206.619,206.543,206.663,0.9,OK,10009,LiveEngineScreen,1:1,60
2025-11-27T08:39:29.105708,GBPJPY,1,,206.545,206.665,0.9,SKIPPED_MAX,,Max trades reached for GBPJPY,1:1,60
2025-11-27T08:39:34.149299,GBPJPY,1,,206.545,206.665,0.9,SKIPPED_MAX,,Max trades reached for GBPJPY,1:1,60
2025-11-27T08:39:39.199508,GBPJPY,1,,206.555,206.675,0.9,SKIPPED_MAX,,Max trades reached for GBPJPY,1:1,60
2025-11-27T08:39:44.225538,GBPJPY,1,,206.548,206.668,0.9,SKIPPED_MAX,,Max trades reached for GBPJPY,1:1,60
2025-11-27T08:39:49.278375,GBPJPY,1,,206.554,206.674,0.9,SKIPPED_MAX,,Max trades reached for GBPJPY,1:1,60
2025-11-27T08:39:54.326568,GBPJPY,1,,206.551,206.671,0.9,SKIPPED_MAX,,Max trades reached for GBPJPY,1:1,60
2025-11-27T08:39:59.372627,GBPJPY,1,,206.54,206.66,0.9,SKIPPED_MAX,,Max trades reached for GBPJPY,1:1,60
2025-11-27T08:40:19.726806,GBPJPY,1,,206.57999999999998,206.7,0.9,SKIPPED_MAX,,Max trades reached for GBPJPY,1:1,60
2025-11-27T08:40:24.952061,GBPJPY,1,,206.584,206.704,0.9,SKIPPED_MAX,,Max trades reached for GBPJPY,1:1,60
2025-11-27T08:40:30.147451,GBPJPY,1,,206.58599999999998,206.706,0.9,SKIPPED_MAX,,Max trades reached for GBPJPY,1:1,60
2025-11-27T08:40:35.361763,GBPJPY,1,206.664,206.588,206.708,0.9,OK,10009,LiveEngineScreen,1:1,60
2025-11-27T08:40:40.601036,GBPJPY,1,,206.581,206.701,0.9,SKIPPED_MAX,,Max trades reached for GBPJPY,1:1,60
2025-11-27T08:40:45.649613,GBPJPY,1,206.646,206.57,206.69,0.9,OK,10009,LiveEngineScreen,1:1,60
2025-11-27T08:40:50.863686,GBPJPY,1,,206.573,206.693,0.9,SKIPPED_MAX,,Max trades reached for GBPJPY,1:1,60
2025-11-27T08:40:55.912505,GBPJPY,1,,206.572,206.692,0.9,SKIPPED_MAX,,Max trades reached for GBPJPY,1:1,60
2025-11-27T08:44:58.710966,GBPJPY,-1,206.583,206.643,206.523,0.9,OK,10009,LiveEngineScreen,1:1,60
2025-11-27T08:51:33.081380,XAUUSD,-1,4165.091,4171.091,4159.091,0.5,OK,10009,LiveEngineScreen,1:1,60
2025-11-27T08:51:38.271689,XAUUSD,-1,4164.993,4170.993,4158.993,0.5,OK,10009,LiveEngineScreen,1:1,60
2025-11-27T08:51:43.467186,XAUUSD,-1,,4170.926,4158.926,0.5,SKIPPED_MAX,,Max trades reached for XAUUSD,1:1,60
2025-11-27T08:51:58.605003,XAUUSD,-1,,4171.076,4159.076,0.5,SKIPPED_MAX,,Max trades reached for XAUUSD,1:1,60
2025-11-27T08:53:24.830123,GBPJPY,1,206.713,206.637,206.757,0.9,OK,10009,LiveEngineScreen,1:1,60
2025-11-27T08:53:30.052271,GBPJPY,1,206.705,206.629,206.749,0.9,OK,10009,LiveEngineScreen,1:1,60
2025-11-27T08:53:35.262772,GBPJPY,1,,206.632,206.752,0.9,SKIPPED_MAX,,Max trades reached for GBPJPY,1:1,60
2025-11-27T08:53:40.308924,GBPJPY,1,,206.641,206.761,0.9,SKIPPED_MAX,,Max trades reached for GBPJPY,1:1,60
2025-11-27T08:53:45.351909,GBPJPY,1,,206.631,206.751,0.9,SKIPPED_MAX,,Max trades reached for GBPJPY,1:1,60
2025-11-27T08:53:50.412695,GBPJPY,1,,206.634,206.754,0.9,SKIPPED_MAX,,Max trades reached for GBPJPY,1:1,60
2025-11-27T08:53:55.474628,GBPJPY,1,,206.637,206.757,0.9,SKIPPED_MAX,,Max trades reached for GBPJPY,1:1,60
2025-11-27T08:54:00.517369,GBPJPY,1,,206.629,206.749,0.9,SKIPPED_MAX,,Max trades reached for GBPJPY,1:1,60
2025-11-27T08:57:32.997132,EURUSD,1,1.1594,1.15874,1.15994,0.8,OK,10009,LiveEngineScreen,1:1,60
2025-11-27T08:57:38.175296,EURUSD,1,1.15939,1.15873,1.15993,0.8,OK,10009,LiveEngineScreen,1:1,60
2025-11-27T08:57:43.362127,EURUSD,1,,1.15874,1.15994,0.8,SKIPPED_MAX,,Max trades reached for EURUSD,1:1,60
2025-11-27T08:57:48.405176,EURUSD,1,,1.15874,1.15994,0.8,SKIPPED_MAX,,Max trades reached for EURUSD,1:1,60
2025-11-27T08:57:53.463544,EURUSD,1,,1.15875,1.1599499999999998,0.8,SKIPPED_MAX,,Max trades reached for EURUSD,1:1,60
2025-11-27T09:00:49.669829,EURUSD,1,,1.15874,1.15994,0.8,SKIPPED_MAX,,Max trades reached for EURUSD,1:1,60
2025-11-27T09:00:54.706247,EURUSD,1,,1.15876,1.1599599999999999,0.8,SKIPPED_MAX,,Max trades reached for EURUSD,1:1,60
2025-11-27T09:01:50.402213,XAUUSD,-1,,4169.273,4157.273,0.5,SKIPPED_MAX,,Max trades reached for XAUUSD,1:1,60
2025-11-27T09:01:55.590255,XAUUSD,-1,,4168.774,4156.774,0.5,SKIPPED_MAX,,Max trades reached for XAUUSD,1:1,60
2025-11-27T09:05:08.673571,EURUSD,-1,,1.15961,1.1584100000000002,0.8,SKIPPED_MAX,,Max trades reached for EURUSD,1:1,60
2025-11-27T09:05:13.720215,EURUSD,-1,,1.15963,1.15843,0.8,SKIPPED_MAX,,Max trades reached for EURUSD,1:1,60
2025-11-27T09:05:18.773360,EURUSD,-1,,1.15964,1.1584400000000001,0.8,SKIPPED_MAX,,Max trades reached for EURUSD,1:1,60
2025-11-27T09:05:23.818906,EURUSD,-1,,1.1596199999999999,1.15842,0.8,SKIPPED_MAX,,Max trades reached for EURUSD,1:1,60
2025-11-27T09:05:28.862290,EURUSD,-1,,1.1596,1.1584,0.8,SKIPPED_MAX,,Max trades reached for EURUSD,1:1,60
2025-11-27T09:05:33.918032,EURUSD,-1,,1.1596499999999998,1.15845,0.8,SKIPPED_MAX,,Max trades reached for EURUSD,1:1,60
2025-11-27T09:05:38.957824,EURUSD,-1,,1.15957,1.1583700000000001,0.8,SKIPPED_MAX,,Max trades reached for EURUSD,1:1,60
2025-11-27T09:05:44.009680,EURUSD,-1,,1.15949,1.15829,0.8,SKIPPED_MAX,,Max trades reached for EURUSD,1:1,60
2025-11-27T09:05:49.052943,EURUSD,-1,,1.1595199999999999,1.15832,0.8,SKIPPED_MAX,,Max trades reached for EURUSD,1:1,60
2025-11-27T09:05:54.113421,EURUSD,-1,,1.1595,1.1583,0.8,SKIPPED_MAX,,Max trades reached for EURUSD,1:1,60
2025-11-27T09:05:59.153479,EURUSD,-1,,1.15951,1.1583100000000002,0.8,SKIPPED_MAX,,Max trades reached for EURUSD,1:1,60
2025-11-27T09:18:09.477097,EURUSD,-1,1.158,1.1585999999999999,1.1574,0.8,OK,10009,LiveEngineScreen,1:1,60
2025-11-27T09:19:25.443692,GBPUSD,1,1.32121,1.32054,1.32174,0.8,OK,10009,LiveEngineScreen,1:1,60
2025-11-27T09:19:35.753934,GBPUSD,1,1.32127,1.3206,1.3217999999999999,0.8,OK,10009,LiveEngineScreen,1:1,60
2025-11-27T09:19:41.094691,GBPUSD,1,,1.32061,1.32181,0.8,SKIPPED_MAX,,Max trades reached for GBPUSD,1:1,60
2025-11-27T09:19:46.139402,GBPUSD,1,,1.32061,1.32181,0.8,SKIPPED_MAX,,Max trades reached for GBPUSD,1:1,60
2025-11-27T09:19:51.178355,GBPUSD,1,,1.32056,1.3217599999999998,0.8,SKIPPED_MAX,,Max trades reached for GBPUSD,1:1,60
2025-11-27T09:19:56.214342,GBPUSD,1,,1.32054,1.32174,0.8,SKIPPED_MAX,,Max trades reached for GBPUSD,1:1,60
2025-11-27T09:26:29.266116,GBPUSD,-1,1.32101,1.32161,1.32041,0.8,OK,10009,LiveEngineScreen,1:1,60
2025-11-27T09:33:22.305122,GBPUSD,-1,1.32119,1.32179,1.3205900000000002,0.8,OK,10009,LiveEngineScreen,1:1,60
2025-11-27T09:33:27.473436,GBPUSD,-1,,1.32175,1.3205500000000001,0.8,SKIPPED_MAX,,Max trades reached for GBPUSD,1:1,60
2025-11-27T09:33:32.518178,GBPUSD,-1,,1.32174,1.32054,0.8,SKIPPED_MAX,,Max trades reached for GBPUSD,1:1,60
2025-11-27T09:33:37.556252,GBPUSD,-1,,1.32166,1.3204600000000002,0.8,SKIPPED_MAX,,Max trades reached for GBPUSD,1:1,60
2025-11-27T09:33:42.592056,GBPUSD,-1,,1.32174,1.32054,0.8,SKIPPED_MAX,,Max trades reached for GBPUSD,1:1,60
2025-11-27T09:33:47.638373,GBPUSD,-1,,1.32177,1.32057,0.8,SKIPPED_MAX,,Max trades reached for GBPUSD,1:1,60
2025-11-27T09:33:52.692859,GBPUSD,-1,,1.32174,1.32054,0.8,SKIPPED_MAX,,Max trades reached for GBPUSD,1:1,60
2025-11-27T09:33:57.748976,GBPUSD,-1,,1.32175,1.3205500000000001,0.8,SKIPPED_MAX,,Max trades reached for GBPUSD,1:1,60
2025-11-27T09:39:50.077169,GBPJPY,-1,206.524,206.584,206.464,0.9,OK,10009,LiveEngineScreen,1:1,60
2025-11-27T09:40:20.440467,GBPJPY,-1,206.506,206.566,206.446,0.9,OK,10009,LiveEngineScreen,1:1,60
2025-11-27T09:40:25.634491,GBPJPY,-1,,206.572,206.452,0.9,SKIPPED_MAX,,Max trades reached for GBPJPY,1:1,60
2025-11-27T09:40:30.670673,GBPJPY,-1,,206.575,206.45499999999998,0.9,SKIPPED_MAX,,Max trades reached for GBPJPY,1:1,60
2025-11-27T09:48:34.044732,GBPJPY,-1,206.596,206.656,206.536,0.9,OK,10009,LiveEngineScreen,1:1,60
2025-11-27T09:48:39.246414,GBPJPY,-1,206.587,206.647,206.527,0.9,OK,10009,LiveEngineScreen,1:1,60
2025-11-27T09:48:44.451048,GBPJPY,-1,,206.65200000000002,206.532,0.9,SKIPPED_MAX,,Max trades reached for GBPJPY,1:1,60
2025-11-27T09:48:49.490149,GBPJPY,-1,,206.647,206.527,0.9,SKIPPED_MAX,,Max trades reached for GBPJPY,1:1,60
2025-11-27T09:48:54.522060,GBPJPY,-1,,206.65,206.53,0.9,SKIPPED_MAX,,Max trades reached for GBPJPY,1:1,60
2025-11-27T09:48:59.548013,GBPJPY,-1,,206.653,206.533,0.9,SKIPPED_MAX,,Max trades reached for GBPJPY,1:1,60
2025-11-27T09:50:25.198937,EURUSD,-1,1.15781,1.15841,1.15721,0.8,OK,10009,LiveEngineScreen,1:1,60
2025-11-27T09:50:30.398052,EURUSD,-1,1.1578,1.1583999999999999,1.1572,0.8,OK,10009,LiveEngineScreen,1:1,60
2025-11-27T09:50:35.628866,EURUSD,-1,,1.1583999999999999,1.1572,0.8,SKIPPED_MAX,,Max trades reached for EURUSD,1:1,60
2025-11-27T09:50:40.673876,EURUSD,-1,,1.15841,1.15721,0.8,SKIPPED_MAX,,Max trades reached for EURUSD,1:1,60
2025-11-27T09:50:45.737946,EURUSD,-1,,1.15841,1.15721,0.8,SKIPPED_MAX,,Max trades reached for EURUSD,1:1,60
2025-11-27T09:53:47.385033,GBPUSD,-1,1.32132,1.32192,1.3207200000000001,0.8,OK,10009,LiveEngineScreen,1:1,60
2025-11-27T09:56:44.278298,GBPUSD,-1,1.32134,1.32194,1.32074,0.8,OK,10009,LiveEngineScreen,1:1,60
2025-11-27T09:56:49.500097,GBPUSD,-1,,1.32194,1.32074,0.8,SKIPPED_MAX,,Max trades reached for GBPUSD,1:1,60
2025-11-27T10:01:41.814767,GBPUSD,1,1.32144,1.32077,1.3219699999999999,0.8,OK,10009,LiveEngineScreen,1:1,60
2025-11-27T10:13:53.991175,GBPJPY,1,206.656,206.57999999999998,206.7,0.9,OK,10009,LiveEngineScreen,1:1,60
2025-11-27T10:15:59.926446,GBPUSD,1,1.32185,1.32118,1.3223799999999999,0.8,OK,10009,LiveEngineScreen,1:1,60
2025-11-27T10:17:25.700721,GBPJPY,1,206.659,206.583,206.703,0.9,OK,10009,LiveEngineScreen,1:1,60
2025-11-27T10:17:35.947178,GBPJPY,1,,206.583,206.703,0.9,SKIPPED_MAX,,Max trades reached for GBPJPY,1:1,60
2025-11-27T10:17:40.988905,GBPJPY,1,,206.581,206.701,0.9,SKIPPED_MAX,,Max trades reached for GBPJPY,1:1,60
2025-11-27T10:17:46.037516,GBPJPY,1,,206.584,206.704,0.9,SKIPPED_MAX,,Max trades reached for GBPJPY,1:1,60
2025-11-27T10:17:51.077331,GBPJPY,1,,206.585,206.705,0.9,SKIPPED_MAX,,Max trades reached for GBPJPY,1:1,60
2025-11-27T10:17:56.110515,GBPJPY,1,,206.584,206.704,0.9,SKIPPED_MAX,,Max trades reached for GBPJPY,1:1,60
2025-11-27T10:18:01.164565,GBPJPY,1,,206.588,206.708,0.9,SKIPPED_MAX,,Max trades reached for GBPJPY,1:1,60
2025-11-27T10:23:55.769679,GBPJPY,-1,206.607,206.667,206.547,0.9,OK,10009,LiveEngineScreen,1:1,60
2025-11-27T10:29:28.249510,GBPUSD,-1,1.3220100000000001,1.32261,1.3214100000000002,0.8,OK,10009,LiveEngineScreen,1:1,60
2025-11-27T10:29:33.458596,GBPUSD,-1,1.32195,1.32255,1.32135,0.8,OK,10009,LiveEngineScreen,1:1,60
2025-11-27T10:29:38.674021,GBPUSD,-1,,1.32256,1.32136,0.8,SKIPPED_MAX,,Max trades reached for GBPUSD,1:1,60
2025-11-27T10:29:43.719560,GBPUSD,-1,,1.32256,1.32136,0.8,SKIPPED_MAX,,Max trades reached for GBPUSD,1:1,60
2025-11-27T10:29:53.791469,GBPUSD,-1,,1.32263,1.32143,0.8,SKIPPED_MAX,,Max trades reached for GBPUSD,1:1,60
2025-11-27T10:48:11.280104,XAUUSD,-1,4153.63,4159.63,4147.63,0.5,OK,10009,LiveEngineScreen,1:1,60
2025-11-27T10:48:16.477102,XAUUSD,-1,4153.602,4159.602,4147.602,0.5,OK,10009,LiveEngineScreen,1:1,60
2025-11-27T10:48:21.673073,XAUUSD,-1,,4159.468,4147.468,0.5,SKIPPED_MAX,,Max trades reached for XAUUSD,1:1,60
2025-11-27T10:48:26.723572,XAUUSD,-1,,4159.505,4147.505,0.5,SKIPPED_MAX,,Max trades reached for XAUUSD,1:1,60
2025-11-27T10:48:36.818074,XAUUSD,-1,,4159.702,4147.702,0.5,SKIPPED_MAX,,Max trades reached for XAUUSD,1:1,60
2025-11-27T10:48:41.882253,XAUUSD,-1,,4159.702,4147.702,0.5,SKIPPED_MAX,,Max trades reached for XAUUSD,1:1,60
2025-11-27T10:48:46.928627,XAUUSD,-1,,4159.634,4147.634,0.5,SKIPPED_MAX,,Max trades reached for XAUUSD,1:1,60
2025-11-27T10:48:51.978435,XAUUSD,-1,,4159.509,4147.509,0.5,SKIPPED_MAX,,Max trades reached for XAUUSD,1:1,60
2025-11-27T10:48:57.027366,XAUUSD,-1,,4159.561,4147.561,0.5,SKIPPED_MAX,,Max trades reached for XAUUSD,1:1,60
2025-11-27T10:50:07.467571,XAUUSD,1,,4148.399,4160.399,0.5,SKIPPED_MAX,,Max trades reached for XAUUSD,1:1,60
2025-11-27T10:50:12.516716,XAUUSD,1,,4148.765,4160.765,0.5,SKIPPED_MAX,,Max trades reached for XAUUSD,1:1,60
2025-11-27T10:50:17.566769,XAUUSD,1,,4149.251,4161.251,0.5,SKIPPED_MAX,,Max trades reached for XAUUSD,1:1,60
2025-11-27T10:50:22.621138,XAUUSD,1,,4149.477,4161.477,0.5,SKIPPED_MAX,,Max trades reached for XAUUSD,1:1,60
2025-11-27T10:50:27.655842,XAUUSD,1,,4149.34,4161.34,0.5,SKIPPED_MAX,,Max trades reached for XAUUSD,1:1,60
2025-11-27T10:50:32.712692,XAUUSD,1,,4149.327,4161.327,0.5,SKIPPED_MAX,,Max trades reached for XAUUSD,1:1,60
2025-11-27T10:50:37.763548,XAUUSD,1,,4149.131,4161.131,0.5,SKIPPED_MAX,,Max trades reached for XAUUSD,1:1,60
2025-11-27T10:50:42.809265,XAUUSD,1,,4149.409,4161.409,0.5,SKIPPED_MAX,,Max trades reached for XAUUSD,1:1,60
2025-11-27T10:50:47.852087,XAUUSD,1,,4149.41,4161.41,0.5,SKIPPED_MAX,,Max trades reached for XAUUSD,1:1,60
2025-11-27T10:50:52.910819,XAUUSD,1,,4149.364,4161.364,0.5,SKIPPED_MAX,,Max trades reached for XAUUSD,1:1,60
2025-11-27T10:50:57.961795,XAUUSD,1,,4149.762,4161.762,0.5,SKIPPED_MAX,,Max trades reached for XAUUSD,1:1,60
2025-11-27T10:52:03.417062,EURUSD,-1,1.15807,1.1586699999999999,1.15747,0.8,OK,10009,LiveEngineScreen,1:1,60
2025-11-27T10:52:08.604578,EURUSD,-1,1.15809,1.15869,1.1574900000000001,0.8,OK,10009,LiveEngineScreen,1:1,60
2025-11-27T10:52:13.794396,EURUSD,-1,,1.15869,1.1574900000000001,0.8,SKIPPED_MAX,,Max trades reached for EURUSD,1:1,60
2025-11-27T10:52:18.841843,EURUSD,-1,,1.15869,1.1574900000000001,0.8,SKIPPED_MAX,,Max trades reached for EURUSD,1:1,60
2025-11-27T10:52:23.881646,EURUSD,-1,,1.15868,1.15748,0.8,SKIPPED_MAX,,Max trades reached for EURUSD,1:1,60
2025-11-27T10:53:24.333778,GBPJPY,-1,206.644,206.704,206.584,0.9,OK,10009,LiveEngineScreen,1:1,60
2025-11-27T10:55:30.436598,GBPJPY,1,206.726,206.65,206.77,0.9,OK,10009,LiveEngineScreen,1:1,60
2025-11-27T10:55:35.628597,GBPJPY,1,206.727,206.651,206.77100000000002,0.9,OK,10009,LiveEngineScreen,1:1,60
2025-11-27T10:55:40.837805,GBPJPY,1,,206.651,206.77100000000002,0.9,SKIPPED_MAX,,Max trades reached for GBPJPY,1:1,60
2025-11-27T10:55:45.871378,GBPJPY,1,,206.655,206.775,0.9,SKIPPED_MAX,,Max trades reached for GBPJPY,1:1,60
2025-11-27T10:55:50.891181,GBPJPY,1,,206.658,206.778,0.9,SKIPPED_MAX,,Max trades reached for GBPJPY,1:1,60
2025-11-27T10:55:55.931711,GBPJPY,1,,206.659,206.779,0.9,SKIPPED_MAX,,Max trades reached for GBPJPY,1:1,60
2025-11-27T10:56:21.105253,GBPUSD,-1,1.32246,1.32306,1.32186,0.8,OK,10009,LiveEngineScreen,1:1,60
2025-11-27T10:56:41.395853,GBPUSD,-1,1.32253,1.32313,1.32193,0.8,OK,10009,LiveEngineScreen,1:1,60
2025-11-27T10:56:46.604584,GBPUSD,-1,,1.32313,1.32193,0.8,SKIPPED_MAX,,Max trades reached for GBPUSD,1:1,60
2025-11-27T10:56:51.647245,GBPUSD,-1,,1.32314,1.3219400000000001,0.8,SKIPPED_MAX,,Max trades reached for GBPUSD,1:1,60
2025-11-27T10:56:56.695994,GBPUSD,-1,,1.32314,1.3219400000000001,0.8,SKIPPED_MAX,,Max trades reached for GBPUSD,1:1,60
2025-11-27T10:59:52.947031,GBPUSD,-1,,1.3230899999999999,1.32189,0.8,SKIPPED_MAX,,Max trades reached for GBPUSD,1:1,60
2025-11-27T10:59:52.963233,GBPJPY,-1,,206.737,206.617,0.9,SKIPPED_MAX,,Max trades reached for GBPJPY,1:1,60
2025-11-27T10:59:57.990618,GBPUSD,-1,,1.3229799999999998,1.32178,0.8,SKIPPED_MAX,,Max trades reached for GBPUSD,1:1,60
2025-11-27T10:59:58.001569,GBPJPY,-1,,206.728,206.608,0.9,SKIPPED_MAX,,Max trades reached for GBPJPY,1:1,60
2025-11-27T11:00:58.819472,EURUSD,1,,1.15787,1.1590699999999998,0.8,SKIPPED_MAX,,Max trades reached for EURUSD,1:1,60
2025-11-27T11:04:50.489318,XAUUSD,-1,,4162.157,4150.157,0.5,SKIPPED_MAX,,Max trades reached for XAUUSD,1:1,60
2025-11-27T11:04:55.540613,XAUUSD,-1,,4162.176,4150.176,0.5,SKIPPED_MAX,,Max trades reached for XAUUSD,1:1,60
2025-11-27T11:13:24.060416,GBPJPY,1,,206.617,206.737,0.9,SKIPPED_MAX,,Max trades reached for GBPJPY,1:1,60
2025-11-27T11:13:29.088198,GBPJPY,1,,206.618,206.738,0.9,SKIPPED_MAX,,Max trades reached for GBPJPY,1:1,60
2025-11-27T11:13:34.129357,GBPJPY,1,,206.60999999999999,206.73,0.9,SKIPPED_MAX,,Max trades reached for GBPJPY,1:1,60
2025-11-27T11:13:39.162475,GBPJPY,1,,206.60999999999999,206.73,0.9,SKIPPED_MAX,,Max trades reached for GBPJPY,1:1,60
2025-11-27T11:13:44.194846,GBPJPY,1,,206.612,206.732,0.9,SKIPPED_MAX,,Max trades reached for GBPJPY,1:1,60
2025-11-27T11:13:49.239300,GBPJPY,1,,206.611,206.731,0.9,SKIPPED_MAX,,Max trades reached for GBPJPY,1:1,60
2025-11-27T11:21:37.428840,GBPUSD,-1,1.32206,1.32266,1.32146,0.8,OK,10009,LiveEngineScreen,1:1,60
2025-11-27T11:21:42.630345,GBPUSD,-1,1.32205,1.3226499999999999,1.32145,0.8,OK,10009,LiveEngineScreen,1:1,60
2025-11-27T11:21:47.828448,GBPUSD,-1,,1.32263,1.32143,0.8,SKIPPED_MAX,,Max trades reached for GBPUSD,1:1,60
2025-11-27T11:24:49.013197,GBPJPY,1,206.692,206.61599999999999,206.736,0.9,OK,10009,LiveEngineScreen,1:1,60
2025-11-27T11:24:54.230595,GBPJPY,1,206.694,206.618,206.738,0.9,OK,10009,LiveEngineScreen,1:1,60
2025-11-27T11:24:59.431272,GBPJPY,1,,206.62,206.74,0.9,SKIPPED_MAX,,Max trades reached for GBPJPY,1:1,60
2025-11-27T11:59:45.263014,GBPJPY,-1,206.794,206.854,206.734,0.9,OK,10009,LiveEngineScreen,1:1,60
2025-11-27T11:59:50.518020,GBPJPY,-1,206.789,206.849,206.72899999999998,0.9,OK,10009,LiveEngineScreen,1:1,60
2025-11-27T11:59:55.729861,GBPJPY,-1,,206.844,206.724,0.9,SKIPPED_MAX,,Max trades reached for GBPJPY,1:1,60
2025-11-27T12:00:56.167400,GBPUSD,-1,1.32274,1.32334,1.32214,0.8,OK,10009,LiveEngineScreen,1:1,60
2025-11-27T12:08:04.815109,EURUSD,1,1.15872,1.15806,1.15926,0.8,OK,10009,LiveEngineScreen,1:1,60
2025-11-27T12:08:10.063470,EURUSD,1,1.15873,1.1580700000000002,1.15927,0.8,OK,10009,LiveEngineScreen,1:1,60
2025-11-27T12:08:15.279120,EURUSD,1,,1.1580700000000002,1.15927,0.8,SKIPPED_MAX,,Max trades reached for EURUSD,1:1,60
2025-11-27T12:08:20.333310,EURUSD,1,,1.1580700000000002,1.15927,0.8,SKIPPED_MAX,,Max trades reached for EURUSD,1:1,60
2025-11-27T12:08:25.377283,XAUUSD,1,4157.177,4151.065,4163.065,0.5,OK,10009,LiveEngineScreen,1:1,60
2025-11-27T12:08:25.553908,EURUSD,1,,1.1580700000000002,1.15927,0.8,SKIPPED_MAX,,Max trades reached for EURUSD,1:1,60
2025-11-27T12:08:30.599560,XAUUSD,1,4157.191,4151.079,4163.079,0.5,OK,10009,LiveEngineScreen,1:1,60
2025-11-27T12:08:30.792665,EURUSD,1,,1.1580400000000002,1.15924,0.8,SKIPPED_MAX,,Max trades reached for EURUSD,1:1,60
2025-11-27T12:08:35.841747,XAUUSD,1,,4151.124,4163.124,0.5,SKIPPED_MAX,,Max trades reached for XAUUSD,1:1,60
2025-11-27T12:08:35.850049,EURUSD,1,,1.15805,1.15925,0.8,SKIPPED_MAX,,Max trades reached for EURUSD,1:1,60
2025-11-27T12:08:40.885447,XAUUSD,1,,4151.132,4163.132,0.5,SKIPPED_MAX,,Max trades reached for XAUUSD,1:1,60
2025-11-27T12:08:40.914165,EURUSD,1,,1.1580400000000002,1.15924,0.8,SKIPPED_MAX,,Max trades reached for EURUSD,1:1,60
2025-11-27T12:08:45.951860,XAUUSD,1,,4151.305,4163.305,0.5,SKIPPED_MAX,,Max trades reached for XAUUSD,1:1,60
2025-11-27T12:08:45.978291,EURUSD,1,,1.1580400000000002,1.15924,0.8,SKIPPED_MAX,,Max trades reached for EURUSD,1:1,60
2025-11-27T12:08:51.020885,XAUUSD,1,,4151.204,4163.204,0.5,SKIPPED_MAX,,Max trades reached for XAUUSD,1:1,60
2025-11-27T12:08:51.034553,EURUSD,1,,1.1580400000000002,1.15924,0.8,SKIPPED_MAX,,Max trades reached for EURUSD,1:1,60
2025-11-27T12:08:56.074930,XAUUSD,1,,4151.153,4163.153,0.5,SKIPPED_MAX,,Max trades reached for XAUUSD,1:1,60
2025-11-27T12:08:56.081665,EURUSD,1,,1.1580400000000002,1.15924,0.8,SKIPPED_MAX,,Max trades reached for EURUSD,1:1,60
2025-11-27T12:17:44.724039,GBPJPY,1,,206.762,206.882,0.9,SKIPPED_MAX,,Max trades reached for GBPJPY,1:1,60
2025-11-27T12:17:49.756590,GBPJPY,1,,206.761,206.881,0.9,SKIPPED_MAX,,Max trades reached for GBPJPY,1:1,60
2025-11-27T12:17:59.827613,GBPJPY,1,,206.759,206.879,0.9,SKIPPED_MAX,,Max trades reached for GBPJPY,1:1,60
2025-11-27T12:24:54.435346,EURUSD,-1,,1.1591099999999999,1.15791,0.8,SKIPPED_MAX,,Max trades reached for EURUSD,1:1,60
2025-11-27T12:24:59.483555,EURUSD,-1,,1.15912,1.15792,0.8,SKIPPED_MAX,,Max trades reached for EURUSD,1:1,60
2025-11-27T12:26:05.000813,XAUUSD,1,4157.746,4151.634,4163.634,0.5,OK,10009,LiveEngineScreen,1:1,60
2025-11-27T12:26:10.440141,XAUUSD,1,,4152.075,4164.075,0.5,SKIPPED_MAX,,Max trades reached for XAUUSD,1:1,60
2025-11-27T12:26:15.491787,XAUUSD,1,,4151.839,4163.839,0.5,SKIPPED_MAX,,Max trades reached for XAUUSD,1:1,60
2025-11-27T12:26:20.563784,XAUUSD,1,,4151.806,4163.806,0.5,SKIPPED_MAX,,Max trades reached for XAUUSD,1:1,60
2025-11-27T12:26:25.620325,XAUUSD,1,,4151.82,4163.82,0.5,SKIPPED_MAX,,Max trades reached for XAUUSD,1:1,60
2025-11-27T12:26:30.671038,XAUUSD,1,,4151.773,4163.773,0.5,SKIPPED_MAX,,Max trades reached for XAUUSD,1:1,60
2025-11-27T12:26:35.735439,XAUUSD,1,,4151.576,4163.576,0.5,SKIPPED_MAX,,Max trades reached for XAUUSD,1:1,60
2025-11-27T12:26:40.800978,XAUUSD,1,,4151.597,4163.597,0.5,SKIPPED_MAX,,Max trades reached for XAUUSD,1:1,60
2025-11-27T12:26:45.851560,XAUUSD,1,,4151.525,4163.525,0.5,SKIPPED_MAX,,Max trades reached for XAUUSD,1:1,60
2025-11-27T12:30:37.558545,XAUUSD,1,,4151.821,4163.821,0.5,SKIPPED_MAX,,Max trades reached for XAUUSD,1:1,60
2025-11-27T12:30:42.619600,XAUUSD,1,,4151.863,4163.863,0.5,SKIPPED_MAX,,Max trades reached for XAUUSD,1:1,60
2025-11-27T12:34:39.219004,XAUUSD,1,,4151.577,4163.577,0.5,SKIPPED_MAX,,Max trades reached for XAUUSD,1:1,60
2025-11-27T12:35:14.470121,XAUUSD,1,,4151.733,4163.733,0.5,SKIPPED_MAX,,Max trades reached for XAUUSD,1:1,60
2025-11-27T12:35:39.670973,XAUUSD,1,,4151.574,4163.574,0.5,SKIPPED_MAX,,Max trades reached for XAUUSD,1:1,60
2025-11-27T12:35:44.726246,XAUUSD,1,,4151.55,4163.55,0.5,SKIPPED_MAX,,Max trades reached for XAUUSD,1:1,60
2025-11-27T12:35:49.783749,XAUUSD,1,,4151.651,4163.651,0.5,SKIPPED_MAX,,Max trades reached for XAUUSD,1:1,60
2025-11-27T12:35:54.834254,XAUUSD,1,,4151.707,4163.707,0.5,SKIPPED_MAX,,Max trades reached for XAUUSD,1:1,60
2025-11-27T12:35:59.881454,XAUUSD,1,,4151.693,4163.693,0.5,SKIPPED_MAX,,Max trades reached for XAUUSD,1:1,60
2025-11-27T12:36:55.460397,EURUSD,1,,1.15822,1.15942,0.8,SKIPPED_MAX,,Max trades reached for EURUSD,1:1,60
2025-11-27T12:37:00.504317,EURUSD,1,,1.1582000000000001,1.1594,0.8,SKIPPED_MAX,,Max trades reached for EURUSD,1:1,60
2025-11-27T12:42:23.666380,EURUSD,-1,1.15871,1.1593099999999998,1.15811,0.8,OK,10009,LiveEngineScreen,1:1,60
2025-11-27T12:42:28.849335,EURUSD,-1,1.1587,1.1593,1.1581000000000001,0.8,OK,10009,LiveEngineScreen,1:1,60
2025-11-27T12:42:39.061064,EURUSD,-1,,1.1593099999999998,1.15811,0.8,SKIPPED_MAX,,Max trades reached for EURUSD,1:1,60
2025-11-27T12:42:59.208697,EURUSD,-1,,1.15924,1.1580400000000002,0.8,SKIPPED_MAX,,Max trades reached for EURUSD,1:1,60
2025-11-27T12:45:31.087461,EURUSD,-1,1.1585,1.1591,1.1579000000000002,0.8,OK,10009,LiveEngineScreen,1:1,60
2025-11-27T12:45:36.300160,EURUSD,-1,1.15849,1.15909,1.15789,0.8,OK,10009,LiveEngineScreen,1:1,60
2025-11-27T12:45:41.494513,EURUSD,-1,,1.1590399999999998,1.15784,0.8,SKIPPED_MAX,,Max trades reached for EURUSD,1:1,60
2025-11-27T12:45:46.545614,EURUSD,-1,,1.15905,1.15785,0.8,SKIPPED_MAX,,Max trades reached for EURUSD,1:1,60
2025-11-27T12:45:51.588060,EURUSD,-1,,1.15905,1.15785,0.8,SKIPPED_MAX,,Max trades reached for EURUSD,1:1,60
2025-11-27T12:45:56.633072,EURUSD,-1,,1.15906,1.1578600000000001,0.8,SKIPPED_MAX,,Max trades reached for EURUSD,1:1,60
2025-11-27T12:47:52.385405,XAUUSD,1,4157.045,4150.933,4162.933,0.5,OK,10009,LiveEngineScreen,1:1,60
2025-11-27T12:48:07.660802,XAUUSD,1,,4150.954,4162.954,0.5,SKIPPED_MAX,,Max trades reached for XAUUSD,1:1,60
2025-11-27T12:48:12.712548,XAUUSD,1,,4151.015,4163.015,0.5,SKIPPED_MAX,,Max trades reached for XAUUSD,1:1,60
2025-11-27T12:48:17.760484,XAUUSD,1,,4150.902,4162.902,0.5,SKIPPED_MAX,,Max trades reached for XAUUSD,1:1,60
2025-11-27T12:48:22.809305,XAUUSD,1,,4151.01,4163.01,0.5,SKIPPED_MAX,,Max trades reached for XAUUSD,1:1,60
2025-11-27T12:48:27.848900,XAUUSD,1,,4151.149,4163.149,0.5,SKIPPED_MAX,,Max trades reached for XAUUSD,1:1,60
2025-11-27T12:48:32.907730,XAUUSD,1,,4151.109,4163.109,0.5,SKIPPED_MAX,,Max trades reached for XAUUSD,1:1,60
2025-11-27T12:48:37.957178,XAUUSD,1,,4151.246,4163.246,0.5,SKIPPED_MAX,,Max trades reached for XAUUSD,1:1,60
2025-11-27T12:49:13.212730,XAUUSD,1,,4150.921,4162.921,0.5,SKIPPED_MAX,,Max trades reached for XAUUSD,1:1,60
2025-11-27T12:49:18.266373,XAUUSD,1,,4151.01,4163.01,0.5,SKIPPED_MAX,,Max trades reached for XAUUSD,1:1,60
2025-11-27T12:49:23.316001,XAUUSD,1,,4151.095,4163.095,0.5,SKIPPED_MAX,,Max trades reached for XAUUSD,1:1,60
2025-11-27T12:49:28.366526,XAUUSD,1,,4151.11,4163.11,0.5,SKIPPED_MAX,,Max trades reached for XAUUSD,1:1,60
2025-11-27T12:49:33.407040,XAUUSD,1,,4151.269,4163.269,0.5,SKIPPED_MAX,,Max trades reached for XAUUSD,1:1,60
2025-11-27T12:49:38.461293,XAUUSD,1,,4151.304,4163.304,0.5,SKIPPED_MAX,,Max trades reached for XAUUSD,1:1,60
2025-11-27T12:49:43.516994,XAUUSD,1,,4151.241,4163.241,0.5,SKIPPED_MAX,,Max trades reached for XAUUSD,1:1,60
2025-11-27T12:49:48.565933,XAUUSD,1,,4151.345,4163.345,0.5,SKIPPED_MAX,,Max trades reached for XAUUSD,1:1,60
2025-11-27T12:49:53.616565,XAUUSD,1,,4151.413,4163.413,0.5,SKIPPED_MAX,,Max trades reached for XAUUSD,1:1,60
2025-11-27T12:49:58.664824,XAUUSD,1,,4151.554,4163.554,0.5,SKIPPED_MAX,,Max trades reached for XAUUSD,1:1,60
2025-11-27T12:52:14.581327,EURUSD,-1,,1.1590799999999999,1.15788,0.8,SKIPPED_MAX,,Max trades reached for EURUSD,1:1,60
2025-11-27T12:52:19.621809,EURUSD,-1,,1.15905,1.15785,0.8,SKIPPED_MAX,,Max trades reached for EURUSD,1:1,60
2025-11-27T12:52:19.637806,GBPUSD,-1,1.32321,1.32381,1.32261,0.8,OK,10009,LiveEngineScreen,1:1,60
2025-11-27T12:52:24.808527,EURUSD,-1,,1.1590399999999998,1.15784,0.8,SKIPPED_MAX,,Max trades reached for EURUSD,1:1,60
2025-11-27T12:52:24.824296,GBPUSD,-1,1.3232,1.3237999999999999,1.3226,0.8,OK,10009,LiveEngineScreen,1:1,60
2025-11-27T12:52:30.003060,EURUSD,-1,,1.15906,1.1578600000000001,0.8,SKIPPED_MAX,,Max trades reached for EURUSD,1:1,60
2025-11-27T12:52:30.018713,GBPUSD,-1,,1.3237899999999998,1.32259,0.8,SKIPPED_MAX,,Max trades reached for GBPUSD,1:1,60
2025-11-27T12:52:35.061271,EURUSD,-1,,1.15906,1.1578600000000001,0.8,SKIPPED_MAX,,Max trades reached for EURUSD,1:1,60
2025-11-27T12:52:35.062943,GBPUSD,-1,,1.3237999999999999,1.3226,0.8,SKIPPED_MAX,,Max trades reached for GBPUSD,1:1,60
2025-11-27T12:52:40.107039,EURUSD,-1,,1.1590799999999999,1.15788,0.8,SKIPPED_MAX,,Max trades reached for EURUSD,1:1,60
2025-11-27T12:52:40.119014,GBPUSD,-1,,1.3237899999999998,1.32259,0.8,SKIPPED_MAX,,Max trades reached for GBPUSD,1:1,60
2025-11-27T12:52:45.152744,EURUSD,-1,,1.1590699999999998,1.15787,0.8,SKIPPED_MAX,,Max trades reached for EURUSD,1:1,60
2025-11-27T12:52:45.169552,GBPUSD,-1,,1.3237899999999998,1.32259,0.8,SKIPPED_MAX,,Max trades reached for GBPUSD,1:1,60
2025-11-27T12:52:50.353041,GBPUSD,-1,,1.3237299999999999,1.32253,0.8,SKIPPED_MAX,,Max trades reached for GBPUSD,1:1,60
2025-11-27T12:52:55.387794,GBPUSD,-1,,1.32375,1.3225500000000001,0.8,SKIPPED_MAX,,Max trades reached for GBPUSD,1:1,60
2025-11-27T12:53:00.425700,GBPUSD,-1,,1.32375,1.3225500000000001,0.8,SKIPPED_MAX,,Max trades reached for GBPUSD,1:1,60
2025-11-27T13:15:57.813392,GBPJPY,-1,206.884,206.944,206.82399999999998,0.9,OK,10009,LiveEngineScreen,1:1,60
2025-11-27T13:18:39.082962,EURUSD,1,1.15906,1.1584,1.1596,0.8,OK,10009,LiveEngineScreen,1:1,60
2025-11-27T13:37:22.445239,GBPUSD,-1,1.32463,1.32523,1.32403,0.8,OK,10009,LiveEngineScreen,1:1,60
2025-11-27T13:37:27.657691,GBPUSD,-1,1.32462,1.3252199999999998,1.32402,0.8,OK,10009,LiveEngineScreen,1:1,60
2025-11-27T13:37:32.848253,GBPUSD,-1,,1.32524,1.32404,0.8,SKIPPED_MAX,,Max trades reached for GBPUSD,1:1,60
2025-11-27T13:37:37.887614,GBPUSD,-1,,1.32521,1.3240100000000001,0.8,SKIPPED_MAX,,Max trades reached for GBPUSD,1:1,60
2025-11-27T13:37:42.932131,GBPUSD,-1,,1.3252199999999998,1.32402,0.8,SKIPPED_MAX,,Max trades reached for GBPUSD,1:1,60
2025-11-27T13:37:47.968532,GBPUSD,-1,,1.32517,1.32397,0.8,SKIPPED_MAX,,Max trades reached for GBPUSD,1:1,60
2025-11-27T13:37:53.006669,GBPUSD,-1,,1.32514,1.3239400000000001,0.8,SKIPPED_MAX,,Max trades reached for GBPUSD,1:1,60
2025-11-27T13:37:58.044868,GBPUSD,-1,,1.3251499999999998,1.32395,0.8,SKIPPED_MAX,,Max trades reached for GBPUSD,1:1,60
2025-11-27T13:41:20.231009,XAUUSD,1,4157.325,4151.213,4163.213,0.5,OK,10009,LiveEngineScreen,1:1,60
2025-11-27T13:41:30.443453,XAUUSD,1,4157.269,4151.157,4163.157,0.5,OK,10009,LiveEngineScreen,1:1,60
2025-11-27T13:41:35.660918,XAUUSD,1,,4151.172,4163.172,0.5,SKIPPED_MAX,,Max trades reached for XAUUSD,1:1,60
2025-11-27T13:53:45.626427,XAUUSD,1,,4150.122,4162.122,0.5,SKIPPED_MAX,,Max trades reached for XAUUSD,1:1,60
2025-11-27T13:56:46.842720,GBPJPY,-1,206.964,207.024,206.904,0.9,OK,10009,LiveEngineScreen,1:1,60
2025-11-27T13:56:52.029984,GBPJPY,-1,206.963,207.023,206.903,0.9,OK,10009,LiveEngineScreen,1:1,60
2025-11-27T13:56:57.284832,GBPJPY,-1,,207.023,206.903,0.9,SKIPPED_MAX,,Max trades reached for GBPJPY,1:1,60
2025-11-27T14:02:39.572146,EURUSD,1,1.15958,1.1589200000000002,1.16012,0.8,OK,10009,LiveEngineScreen,1:1,60
2025-11-27T14:02:44.772866,EURUSD,1,1.15958,1.1589200000000002,1.16012,0.8,OK,10009,LiveEngineScreen,1:1,60
2025-11-27T14:04:55.941492,XAUUSD,1,,4149.969,4161.969,0.5,SKIPPED_MAX,,Max trades reached for XAUUSD,1:1,60
2025-11-27T14:06:31.795423,XAUUSD,1,,4150.577,4162.577,0.5,SKIPPED_MAX,,Max trades reached for XAUUSD,1:1,60
2025-11-27T14:06:36.851073,XAUUSD,1,,4150.658,4162.658,0.5,SKIPPED_MAX,,Max trades reached for XAUUSD,1:1,60
2025-11-27T14:06:41.903312,XAUUSD,1,,4150.718,4162.718,0.5,SKIPPED_MAX,,Max trades reached for XAUUSD,1:1,60
2025-11-27T14:06:46.954786,XAUUSD,1,,4150.275,4162.275,0.5,SKIPPED_MAX,,Max trades reached for XAUUSD,1:1,60
2025-11-27T14:06:52.011033,XAUUSD,1,,4150.368,4162.368,0.5,SKIPPED_MAX,,Max trades reached for XAUUSD,1:1,60
2025-11-27T14:06:57.069802,XAUUSD,1,,4150.423,4162.423,0.5,SKIPPED_MAX,,Max trades reached for XAUUSD,1:1,60
2025-11-27T14:08:37.747463,XAUUSD,1,,4151.187,4163.187,0.5,SKIPPED_MAX,,Max trades reached for XAUUSD,1:1,60
2025-11-27T14:08:42.794227,XAUUSD,1,,4151.203,4163.203,0.5,SKIPPED_MAX,,Max trades reached for XAUUSD,1:1,60
2025-11-27T14:08:47.848049,XAUUSD,1,,4151.294,4163.294,0.5,SKIPPED_MAX,,Max trades reached for XAUUSD,1:1,60
2025-11-27T14:08:57.928123,XAUUSD,1,,4151.773,4163.773,0.5,SKIPPED_MAX,,Max trades reached for XAUUSD,1:1,60
2025-11-27T14:11:44.770677,GBPJPY,-1,,206.99,206.87,0.9,SKIPPED_MAX,,Max trades reached for GBPJPY,1:1,60
2025-11-27T14:11:49.829882,GBPJPY,-1,,206.986,206.86599999999999,0.9,SKIPPED_MAX,,Max trades reached for GBPJPY,1:1,60
2025-11-27T14:11:54.863274,GBPJPY,-1,,206.984,206.864,0.9,SKIPPED_MAX,,Max trades reached for GBPJPY,1:1,60
2025-11-27T14:11:59.886250,GBPJPY,-1,,206.987,206.867,0.9,SKIPPED_MAX,,Max trades reached for GBPJPY,1:1,60
2025-11-27T14:13:45.611967,GBPJPY,-1,,206.964,206.844,0.9,SKIPPED_MAX,,Max trades reached for GBPJPY,1:1,60
2025-11-27T14:13:50.644433,GBPJPY,-1,,206.967,206.847,0.9,SKIPPED_MAX,,Max trades reached for GBPJPY,1:1,60
2025-11-27T14:13:55.676756,GBPJPY,-1,,206.964,206.844,0.9,SKIPPED_MAX,,Max trades reached for GBPJPY,1:1,60
2025-11-27T14:14:00.705429,GBPJPY,-1,,206.962,206.84199999999998,0.9,SKIPPED_MAX,,Max trades reached for GBPJPY,1:1,60
2025-11-27T14:15:11.205421,XAUUSD,-1,4157.797,4163.797,4151.797,0.5,OK,10009,LiveEngineScreen,1:1,60
2025-11-27T14:24:50.821198,GBPJPY,1,206.909,206.833,206.953,0.9,OK,10009,LiveEngineScreen,1:1,60
2025-11-27T14:24:56.043349,GBPJPY,1,206.911,206.835,206.955,0.9,OK,10009,LiveEngineScreen,1:1,60
2025-11-27T14:27:47.496694,XAUUSD,-1,4157.553,4163.553,4151.553,0.5,OK,10009,LiveEngineScreen,1:1,60
2025-11-27T14:27:52.678952,XAUUSD,-1,,4163.806,4151.806,0.5,SKIPPED_MAX,,Max trades reached for XAUUSD,1:1,60
2025-11-27T14:27:57.724613,XAUUSD,-1,,4163.817,4151.817,0.5,SKIPPED_MAX,,Max trades reached for XAUUSD,1:1,60
2025-11-27T14:34:46.824680,EURUSD,1,,1.15869,1.1598899999999999,0.8,SKIPPED_MAX,,Max trades reached for EURUSD,1:1,60
2025-11-27T14:34:51.884572,EURUSD,1,,1.1586800000000002,1.15988,0.8,SKIPPED_MAX,,Max trades reached for EURUSD,1:1,60
2025-11-27T14:34:56.927777,EURUSD,1,,1.1586800000000002,1.15988,0.8,SKIPPED_MAX,,Max trades reached for EURUSD,1:1,60
2025-11-27T14:38:48.787506,XAUUSD,-1,4157.513,4163.513,4151.513,0.5,OK,10009,LiveEngineScreen,1:1,60
2025-11-27T14:42:22.893086,GBPJPY,1,206.893,206.817,206.937,0.9,OK,10009,LiveEngineScreen,1:1,60
2025-11-27T14:42:28.085426,GBPJPY,1,206.89,206.814,206.934,0.9,OK,10009,LiveEngineScreen,1:1,60
2025-11-27T14:42:33.322995,GBPJPY,1,,206.825,206.945,0.9,SKIPPED_MAX,,Max trades reached for GBPJPY,1:1,60
2025-11-27T14:42:38.362933,GBPJPY,1,,206.822,206.942,0.9,SKIPPED_MAX,,Max trades reached for GBPJPY,1:1,60
2025-11-27T14:42:43.414737,GBPJPY,1,,206.825,206.945,0.9,SKIPPED_MAX,,Max trades reached for GBPJPY,1:1,60
2025-11-27T14:42:48.458053,GBPJPY,1,,206.825,206.945,0.9,SKIPPED_MAX,,Max trades reached for GBPJPY,1:1,60
2025-11-27T14:42:53.511089,GBPJPY,1,,206.827,206.947,0.9,SKIPPED_MAX,,Max trades reached for GBPJPY,1:1,60
2025-11-27T14:42:58.542766,GBPJPY,1,,206.827,206.947,0.9,SKIPPED_MAX,,Max trades reached for GBPJPY,1:1,60
2025-11-27T14:46:10.072475,XAUUSD,-1,,4163.255,4151.255,0.5,SKIPPED_MAX,,Max trades reached for XAUUSD,1:1,60
2025-11-27T14:46:15.145883,XAUUSD,-1,,4163.361,4151.361,0.5,SKIPPED_MAX,,Max trades reached for XAUUSD,1:1,60
2025-11-27T14:46:15.161706,EURUSD,1,,1.15879,1.1599899999999999,0.8,SKIPPED_MAX,,Max trades reached for EURUSD,1:1,60
2025-11-27T14:46:20.203028,XAUUSD,-1,,4162.853,4150.853,0.5,SKIPPED_MAX,,Max trades reached for XAUUSD,1:1,60
2025-11-27T14:46:20.209248,EURUSD,1,,1.15876,1.1599599999999999,0.8,SKIPPED_MAX,,Max trades reached for EURUSD,1:1,60
2025-11-27T14:46:25.246862,XAUUSD,-1,,4162.57,4150.57,0.5,SKIPPED_MAX,,Max trades reached for XAUUSD,1:1,60
2025-11-27T14:46:25.250376,EURUSD,1,,1.15875,1.1599499999999998,0.8,SKIPPED_MAX,,Max trades reached for EURUSD,1:1,60
2025-11-27T14:46:30.303862,XAUUSD,-1,,4162.366,4150.366,0.5,SKIPPED_MAX,,Max trades reached for XAUUSD,1:1,60
2025-11-27T14:46:30.316454,EURUSD,1,,1.15877,1.15997,0.8,SKIPPED_MAX,,Max trades reached for EURUSD,1:1,60
2025-11-27T14:46:35.538294,XAUUSD,-1,,4162.626,4150.626,0.5,SKIPPED_MAX,,Max trades reached for XAUUSD,1:1,60
2025-11-27T14:46:35.554376,EURUSD,1,,1.15879,1.1599899999999999,0.8,SKIPPED_MAX,,Max trades reached for EURUSD,1:1,60
2025-11-27T14:46:40.593504,XAUUSD,-1,,4162.549,4150.549,0.5,SKIPPED_MAX,,Max trades reached for XAUUSD,1:1,60
2025-11-27T14:46:40.603031,EURUSD,1,,1.1588,1.16,0.8,SKIPPED_MAX,,Max trades reached for EURUSD,1:1,60
2025-11-27T14:46:45.813234,XAUUSD,-1,,4162.666,4150.666,0.5,SKIPPED_MAX,,Max trades reached for XAUUSD,1:1,60
2025-11-27T14:46:45.814988,EURUSD,1,,1.1588,1.16,0.8,SKIPPED_MAX,,Max trades reached for EURUSD,1:1,60
2025-11-27T14:46:51.038006,XAUUSD,-1,,4162.491,4150.491,0.5,SKIPPED_MAX,,Max trades reached for XAUUSD,1:1,60
2025-11-27T14:46:51.047196,EURUSD,1,,1.1587800000000001,1.15998,0.8,SKIPPED_MAX,,Max trades reached for EURUSD,1:1,60
2025-11-27T14:46:56.260588,XAUUSD,-1,,4162.283,4150.283,0.5,SKIPPED_MAX,,Max trades reached for XAUUSD,1:1,60
2025-11-27T14:46:56.270443,EURUSD,1,,1.15876,1.1599599999999999,0.8,SKIPPED_MAX,,Max trades reached for EURUSD,1:1,60
2025-11-27T14:47:26.486067,XAUUSD,1,,4151.592,4163.592,0.5,SKIPPED_MAX,,Max trades reached for XAUUSD,1:1,60
2025-11-27T15:00:33.038329,GBPUSD,1,1.32346,1.3227900000000001,1.32399,0.8,OK,10009,LiveEngineScreen,1:1,60
2025-11-27T15:01:38.722414,GBPJPY,-1,206.855,206.915,206.795,0.9,OK,10009,LiveEngineScreen,1:1,60
2025-11-27T15:02:09.084755,GBPUSD,1,1.3235000000000001,1.3228300000000002,1.32403,0.8,OK,10009,LiveEngineScreen,1:1,60
2025-11-27T15:02:14.268653,GBPUSD,1,,1.3228300000000002,1.32403,0.8,SKIPPED_MAX,,Max trades reached for GBPUSD,1:1,60
2025-11-27T15:02:19.312231,GBPUSD,1,,1.32285,1.32405,0.8,SKIPPED_MAX,,Max trades reached for GBPUSD,1:1,60
2025-11-27T15:02:24.360769,GBPUSD,1,,1.3228300000000002,1.32403,0.8,SKIPPED_MAX,,Max trades reached for GBPUSD,1:1,60
2025-11-27T15:02:29.416705,GBPUSD,1,,1.3228300000000002,1.32403,0.8,SKIPPED_MAX,,Max trades reached for GBPUSD,1:1,60
2025-11-27T15:02:34.466466,GBPUSD,1,,1.32285,1.32405,0.8,SKIPPED_MAX,,Max trades reached for GBPUSD,1:1,60
2025-11-27T15:02:39.535037,GBPUSD,1,,1.32284,1.3240399999999999,0.8,SKIPPED_MAX,,Max trades reached for GBPUSD,1:1,60
2025-11-27T15:02:44.585705,GBPUSD,1,,1.32285,1.32405,0.8,SKIPPED_MAX,,Max trades reached for GBPUSD,1:1,60
2025-11-27T15:02:49.615767,GBPUSD,1,,1.3228600000000001,1.32406,0.8,SKIPPED_MAX,,Max trades reached for GBPUSD,1:1,60
2025-11-27T15:02:54.663914,GBPUSD,1,,1.32285,1.32405,0.8,SKIPPED_MAX,,Max trades reached for GBPUSD,1:1,60
2025-11-27T15:02:59.713656,GBPUSD,1,,1.32285,1.32405,0.8,SKIPPED_MAX,,Max trades reached for GBPUSD,1:1,60
2025-11-27T15:06:41.740281,GBPUSD,1,1.32361,1.32294,1.3241399999999999,0.8,OK,10009,LiveEngineScreen,1:1,60
2025-11-27T15:06:46.959294,GBPUSD,1,,1.32295,1.32415,0.8,SKIPPED_MAX,,Max trades reached for GBPUSD,1:1,60
2025-11-27T15:06:51.987872,GBPUSD,1,,1.32299,1.32419,0.8,SKIPPED_MAX,,Max trades reached for GBPUSD,1:1,60
2025-11-27T15:06:57.037423,GBPUSD,1,,1.3229700000000002,1.32417,0.8,SKIPPED_MAX,,Max trades reached for GBPUSD,1:1,60
2025-11-27T15:09:08.166881,GBPUSD,1,1.32364,1.3229700000000002,1.32417,0.8,OK,10009,LiveEngineScreen,1:1,60
2025-11-27T15:09:43.697519,GBPUSD,1,,1.32311,1.3243099999999999,0.8,SKIPPED_MAX,,Max trades reached for GBPUSD,1:1,60
2025-11-27T15:09:43.706172,GBPJPY,1,206.938,206.862,206.982,0.9,OK,10009,LiveEngineScreen,1:1,60
2025-11-27T15:09:49.075589,GBPUSD,1,,1.32319,1.32439,0.8,SKIPPED_MAX,,Max trades reached for GBPUSD,1:1,60
2025-11-27T15:09:49.098344,GBPJPY,1,206.933,206.857,206.977,0.9,OK,10009,LiveEngineScreen,1:1,60
2025-11-27T15:09:54.311882,GBPUSD,1,,1.3231700000000002,1.32437,0.8,SKIPPED_MAX,,Max trades reached for GBPUSD,1:1,60
2025-11-27T15:09:54.313039,GBPJPY,1,,206.858,206.978,0.9,SKIPPED_MAX,,Max trades reached for GBPJPY,1:1,60
2025-11-27T15:09:59.361511,GBPUSD,1,,1.32314,1.3243399999999999,0.8,SKIPPED_MAX,,Max trades reached for GBPUSD,1:1,60
2025-11-27T15:12:55.892439,GBPJPY,1,,206.861,206.981,0.9,SKIPPED_MAX,,Max trades reached for GBPJPY,1:1,60
2025-11-27T15:24:23.900380,GBPUSD,-1,1.32375,1.32435,1.32315,0.8,OK,10009,LiveEngineScreen,1:1,60
2025-11-27T15:24:29.083282,GBPUSD,-1,1.3237700000000001,1.32437,1.3231700000000002,0.8,OK,10009,LiveEngineScreen,1:1,60
2025-11-27T15:24:34.406045,GBPUSD,-1,,1.32437,1.3231700000000002,0.8,SKIPPED_MAX,,Max trades reached for GBPUSD,1:1,60
2025-11-27T15:24:39.597538,GBPUSD,-1,,1.32439,1.32319,0.8,SKIPPED_MAX,,Max trades reached for GBPUSD,1:1,60
2025-11-27T15:24:44.850204,GBPUSD,-1,,1.32439,1.32319,0.8,SKIPPED_MAX,,Max trades reached for GBPUSD,1:1,60
2025-11-27T15:24:49.891933,GBPUSD,-1,,1.32438,1.32318,0.8,SKIPPED_MAX,,Max trades reached for GBPUSD,1:1,60
2025-11-27T15:24:54.942194,GBPUSD,-1,,1.32436,1.3231600000000001,0.8,SKIPPED_MAX,,Max trades reached for GBPUSD,1:1,60
2025-11-27T15:53:37.183498,GBPJPY,1,207.006,206.93,207.05,0.9,OK,10009,LiveEngineScreen,1:1,60
2025-11-27T15:53:53.883197,GBPJPY,1,207.009,206.933,207.053,0.9,OK,10009,LiveEngineScreen,1:1,60
2025-11-27T15:53:59.463744,GBPJPY,1,,206.933,207.053,0.9,SKIPPED_MAX,,Max trades reached for GBPJPY,1:1,60
2025-11-27T16:03:21.536464,EURUSD,1,1.15943,1.15877,1.15997,0.8,OK,10009,LiveEngineScreen,1:1,60
2025-11-27T16:03:58.076145,EURUSD,1,1.15941,1.15875,1.1599499999999998,0.8,OK,10009,LiveEngineScreen,1:1,60
2025-11-27T16:06:29.547755,EURUSD,1,1.15942,1.15876,1.1599599999999999,0.8,OK,10009,LiveEngineScreen,1:1,60,1
2025-11-27T16:06:30.065429,GBPJPY,1,207.163,207.087,207.207,0.9,OK,10009,LiveEngineScreen,1:1,60,1
2025-11-27T16:06:35.577369,EURUSD,1,1.15941,1.15875,1.1599499999999998,0.8,OK,10009,LiveEngineScreen,1:1,60,1
2025-11-27T16:06:41.146380,EURUSD,1,,1.15875,1.1599499999999998,0.8,SKIPPED_MAX,,Max trades reached for EURUSD,1:1,60,1
2025-11-27T16:09:58.062845,GBPJPY,1,207.16299999999998,207.175,207.207,0.9,TRAILING_UPDATE,10009,Moved SL to 207.175 (Profit > 10 pips),1:1,60,1
2025-11-27T16:10:03.742911,EURUSD,1,1.1594200000000001,1.15944,1.1599599999999999,0.8,TRAILING_UPDATE,10009,Moved SL to 1.15944 (Profit > 10 pips),1:1,60,1
2025-11-27T16:10:09.122006,GBPJPY,1,207.147,207.175,207.207,0.9,SL_HIT,0,BUY hit SL at 207.174,1:1,60,1
2025-11-27T16:10:19.543442,EURUSD,1,1.1593499999999999,1.15944,1.1599499999999998,0.8,SL_HIT,0,BUY hit SL at 1.15944,1:1,60,1
2025-11-27T16:10:55.327643,EURUSD,1,1.15941,1.1594200000000001,1.15995,0,TRAILING_UPDATE,10009,Moved SL to 1.1594200000000001 (Profit > 10 pips),-,-,1
2025-11-27T16:11:00.873013,EURUSD,1,1.15941,1.15943,1.15995,0,TRAILING_UPDATE,10009,Moved SL to 1.15943 (Profit > 10 pips),-,-,1
2025-11-27T16:11:21.496313,EURUSD,1,1.15941,1.15946,1.15995,0,TRAILING_UPDATE,10009,Moved SL to 1.15946 (Profit > 10 pips),-,-,1
2025-11-27T16:11:27.100843,EURUSD,1,1.15941,1.15948,1.15995,0,TRAILING_UPDATE,10009,Moved SL to 1.15948 (Profit > 10 pips),-,-,1
2025-11-27T16:12:58.140392,EURUSD,1,1.15941,1.15951,1.15995,0,TRAILING_UPDATE,10009,Moved SL to 1.15951 (Profit > 10 pips),-,-,1
2025-11-27T16:13:59.321987,EURUSD,1,1.15941,1.15953,1.15995,0,TRAILING_UPDATE,10009,Moved SL to 1.15953 (Profit > 10 pips),-,-,1
2025-11-27T16:14:15.027056,EURUSD,1,1.15941,1.15959,1.15995,0,TRAILING_UPDATE,10009,Moved SL to 1.15959 (Profit > 10 pips),-,-,1
2025-11-27T16:14:20.611547,EURUSD,1,1.15941,1.15962,1.15995,0,TRAILING_UPDATE,10009,Moved SL to 1.15962 (Profit > 10 pips),-,-,1
2025-11-27T16:14:31.180543,EURUSD,1,1.15941,1.15966,1.15995,0,TRAILING_UPDATE,10009,Moved SL to 1.15966 (Profit > 10 pips),-,-,1
2025-11-27T16:22:39.398325,XAUUSD,-1,4154.096,4160.096,4148.096,0.5,OK,10009,LiveEngineScreen,1:1,60,1
2025-11-27T16:22:45.570644,XAUUSD,-1,4153.747,4159.747,4147.747,0.5,OK,10009,LiveEngineScreen,1:1,60,1
2025-11-27T16:22:51.176160,XAUUSD,-1,,4159.961,4147.961,0.5,SKIPPED_MAX,,Max trades reached for XAUUSD,1:1,60,1
2025-11-27T16:22:56.584997,XAUUSD,-1,,4159.957,4147.957,0.5,SKIPPED_MAX,,Max trades reached for XAUUSD,1:1,60,1
2025-11-27T16:24:02.683437,XAUUSD,-1,4154.0960000000005,4154.067,4148.096,0.5,TRAILING_UPDATE,10009,Moved SL to 4154.067 (Profit > 10 pips),1:1,60,1
2025-11-27T16:25:23.510667,EURUSD,1,1.15992,1.1592600000000002,1.16046,0.8,OK,10009,LiveEngineScreen,1:1,60,1
2025-11-27T16:25:29.077835,EURUSD,1,1.15994,1.15928,1.16048,0.8,OK,10009,LiveEngineScreen,1:1,60,1
2025-11-27T16:25:34.709851,XAUUSD,-1,4154.0960000000005,4153.971,4148.096,0.5,TRAILING_UPDATE,10009,Moved SL to 4153.971 (Profit > 10 pips),1:1,60,1
2025-11-27T16:25:35.072601,EURUSD,1,,1.15928,1.16048,0.8,SKIPPED_MAX,,Max trades reached for EURUSD,1:1,60,1
2025-11-27T16:25:40.769942,XAUUSD,-1,4154.0960000000005,4153.825,4148.096,0.5,TRAILING_UPDATE,10009,Moved SL to 4153.825 (Profit > 10 pips),1:1,60,1
2025-11-27T16:25:41.276709,EURUSD,1,,1.15927,1.16047,0.8,SKIPPED_MAX,,Max trades reached for EURUSD,1:1,60,1
2025-11-27T16:25:46.784273,XAUUSD,-1,4154.0960000000005,4153.738,4148.096,0.5,TRAILING_UPDATE,10009,Moved SL to 4153.738 (Profit > 10 pips),1:1,60,1
2025-11-27T16:25:47.164416,EURUSD,1,,1.15927,1.16047,0.8,SKIPPED_MAX,,Max trades reached for EURUSD,1:1,60,1
2025-11-27T16:25:52.657973,XAUUSD,-1,4154.0960000000005,4153.632,4148.096,0.5,TRAILING_UPDATE,10009,Moved SL to 4153.632 (Profit > 10 pips),1:1,60,1
2025-11-27T16:25:53.011557,EURUSD,1,,1.15927,1.16047,0.8,SKIPPED_MAX,,Max trades reached for EURUSD,1:1,60,1
2025-11-27T16:25:58.414168,EURUSD,1,,1.15927,1.16047,0.8,SKIPPED_MAX,,Max trades reached for EURUSD,1:1,60,1
2025-11-27T16:26:34.153622,XAUUSD,-1,4154.0960000000005,4153.342,4148.096,0.5,TRAILING_UPDATE,10009,Moved SL to 4153.342 (Profit > 10 pips),1:1,60,1
2025-11-27T16:26:39.686492,XAUUSD,-1,4154.0960000000005,4153.238,4148.096,0.5,TRAILING_UPDATE,10009,Moved SL to 4153.238 (Profit > 10 pips),1:1,60,1
2025-11-27T16:26:45.270081,XAUUSD,-1,4154.0960000000005,4153.152,4148.096,0.5,TRAILING_UPDATE,10009,Moved SL to 4153.152 (Profit > 10 pips),1:1,60,1
2025-11-27T16:26:51.434359,XAUUSD,-1,4154.0960000000005,4152.635,4148.096,0.5,TRAILING_UPDATE,10009,Moved SL to 4152.635 (Profit > 10 pips),1:1,60,1
2025-11-27T16:27:07.346487,XAUUSD,-1,4153.747,4153.376,4147.747,0.5,TRAILING_UPDATE,10009,Moved SL to 4153.376 (Profit > 10 pips),1:1,60,1
2025-11-27T16:27:33.019865,XAUUSD,-1,4153.747,4153.376,4147.747,0.5,SL_HIT,0,SELL hit SL at 4153.719,1:1,60,1
2025-11-27T16:32:50.405636,GBPJPY,-1,207.067,207.127,207.007,0.9,OK,10009,LiveEngineScreen,1:1,60,1
2025-11-27T16:32:56.516992,GBPJPY,-1,207.069,207.129,207.009,0.9,OK,10009,LiveEngineScreen,1:1,60,1
2025-11-27T16:37:48.661873,GBPUSD,-1,1.32465,1.32525,1.3240500000000002,0.8,OK,10009,LiveEngineScreen,1:1,60,1
2025-11-27T16:37:56.400822,GBPUSD,-1,1.32466,1.3252599999999999,1.32406,0.8,OK,10009,LiveEngineScreen,1:1,60,1
2025-11-27T16:38:37.238304,GBPUSD,-1,1.32467,1.32463,1.32405,0.8,TRAILING_UPDATE,10009,Moved SL to 1.32463 (Profit > 10 pips),1:1,60,1
2025-11-27T16:38:37.622719,GBPJPY,-1,207.069,207.129,207.009,0.9,TP_HIT,0,SELL hit TP at 207.006,1:1,60,1
2025-11-27T16:38:43.115360,GBPUSD,-1,1.3246600000000002,1.32464,1.32406,0.8,TRAILING_UPDATE,10009,Moved SL to 1.32464 (Profit > 10 pips),1:1,60,1
2025-11-27T16:38:48.650147,GBPUSD,-1,1.3246600000000002,1.3246,1.32406,0.8,TRAILING_UPDATE,10009,Moved SL to 1.3246 (Profit > 10 pips),1:1,60,1
2025-11-27T16:39:04.254256,GBPUSD,-1,1.3246600000000002,1.32456,1.32406,0.8,TRAILING_UPDATE,10009,Moved SL to 1.32456 (Profit > 10 pips),1:1,60,1
2025-11-27T16:39:19.838576,GBPUSD,-1,1.3246600000000002,1.3245500000000001,1.32406,0.8,TRAILING_UPDATE,10009,Moved SL to 1.3245500000000001 (Profit > 10 pips),1:1,60,1
2025-11-27T16:39:30.469647,GBPUSD,-1,1.3246600000000002,1.32454,1.32406,0.8,TRAILING_UPDATE,10009,Moved SL to 1.32454 (Profit > 10 pips),1:1,60,1
2025-11-27T16:39:35.982404,GBPUSD,-1,1.3246600000000002,1.32446,1.32406,0.8,TRAILING_UPDATE,10009,Moved SL to 1.32446 (Profit > 10 pips),1:1,60,1
2025-11-27T16:39:41.495924,GBPUSD,-1,1.3246600000000002,1.32444,1.32406,0.8,TRAILING_UPDATE,10009,Moved SL to 1.32444 (Profit > 10 pips),1:1,60,1
2025-11-27T16:39:47.128347,GBPUSD,-1,1.32466,1.32444,1.32406,0.8,SL_HIT,0,SELL hit SL at 1.32447,1:1,60,1
2025-11-27T16:46:04.535956,XAUUSD,1,4155.669,4149.557,4161.557,0.5,OK,10009,LiveEngineScreen,1:1,60,1
2025-11-27T16:46:10.772425,XAUUSD,1,4155.751,4149.639,4161.639,0.5,OK,10009,LiveEngineScreen,1:1,60,1
2025-11-27T16:46:16.312671,XAUUSD,1,,4149.577,4161.577,0.5,SKIPPED_MAX,,Max trades reached for XAUUSD,1:1,60,1
2025-11-27T16:46:21.716591,XAUUSD,1,,4149.743,4161.743,0.5,SKIPPED_MAX,,Max trades reached for XAUUSD,1:1,60,1
2025-11-27T16:46:27.083660,XAUUSD,1,,4149.684,4161.684,0.5,SKIPPED_MAX,,Max trades reached for XAUUSD,1:1,60,1
2025-11-27T16:46:32.510728,XAUUSD,1,,4149.675,4161.675,0.5,SKIPPED_MAX,,Max trades reached for XAUUSD,1:1,60,1
2025-11-27T16:46:37.910753,XAUUSD,1,,4149.626,4161.626,0.5,SKIPPED_MAX,,Max trades reached for XAUUSD,1:1,60,1
2025-11-27T16:46:43.328569,XAUUSD,1,,4149.664,4161.664,0.5,SKIPPED_MAX,,Max trades reached for XAUUSD,1:1,60,1
2025-11-27T16:46:48.721279,XAUUSD,1,,4149.67,4161.67,0.5,SKIPPED_MAX,,Max trades reached for XAUUSD,1:1,60,1
2025-11-27T16:46:54.138975,XAUUSD,1,,4149.67,4161.67,0.5,SKIPPED_MAX,,Max trades reached for XAUUSD,1:1,60,1
2025-11-27T16:46:59.520181,XAUUSD,1,,4149.621,4161.621,0.5,SKIPPED_MAX,,Max trades reached for XAUUSD,1:1,60,1
2025-11-27T16:49:15.780938,XAUUSD,1,4155.669,4155.776,4161.557,0.5,TRAILING_UPDATE,10009,Moved SL to 4155.776 (Profit > 10 pips),1:1,60,1
2025-11-27T16:49:21.323129,XAUUSD,1,4155.669,4155.839,4161.557,0.5,TRAILING_UPDATE,10009,Moved SL to 4155.839 (Profit > 10 pips),1:1,60,1
2025-11-27T16:49:36.885414,XAUUSD,1,4155.669,4155.87,4161.557,0.5,TRAILING_UPDATE,10009,Moved SL to 4155.87 (Profit > 10 pips),1:1,60,1
2025-11-27T16:50:02.545293,XAUUSD,1,4155.669,4156.143,4161.557,0.5,TRAILING_UPDATE,10009,Moved SL to 4156.143 (Profit > 10 pips),1:1,60,1
2025-11-27T16:50:08.097358,XAUUSD,1,4155.669,4156.168,4161.557,0.5,TRAILING_UPDATE,10009,Moved SL to 4156.168 (Profit > 10 pips),1:1,60,1
2025-11-27T16:50:13.646465,XAUUSD,1,4155.669,4156.235,4161.557,0.5,TRAILING_UPDATE,10009,Moved SL to 4156.235 (Profit > 10 pips),1:1,60,1
2025-11-27T16:50:19.205259,XAUUSD,1,4155.669,4156.267,4161.557,0.5,TRAILING_UPDATE,10009,Moved SL to 4156.267 (Profit > 10 pips),1:1,60,1
2025-11-27T16:50:24.739231,XAUUSD,1,4155.669,4156.289,4161.557,0.5,TRAILING_UPDATE,10009,Moved SL to 4156.289 (Profit > 10 pips),1:1,60,1
2025-11-27T16:50:30.288954,XAUUSD,1,4155.669,4156.383,4161.557,0.5,TRAILING_UPDATE,10009,Moved SL to 4156.383 (Profit > 10 pips),1:1,60,1
2025-11-27T16:51:56.117158,XAUUSD,1,4155.639,4156.383,4161.639,0.5,SL_HIT,0,BUY hit SL at 4156.241,1:1,60,1
2025-11-27T16:52:31.815839,EURUSD,1,,1.1591500000000001,1.16035,0.8,SKIPPED_MAX,,Max trades reached for EURUSD,1:1,60,1
2025-11-27T16:52:37.228419,EURUSD,1,,1.1591500000000001,1.16035,0.8,SKIPPED_MAX,,Max trades reached for EURUSD,1:1,60,1
2025-11-27T16:52:47.635350,EURUSD,1,,1.1591500000000001,1.16035,0.8,SKIPPED_MAX,,Max trades reached for EURUSD,1:1,60,1
2025-11-27T16:52:53.039430,EURUSD,1,,1.1591500000000001,1.16035,0.8,SKIPPED_MAX,,Max trades reached for EURUSD,1:1,60,1
2025-11-27T16:55:24.213332,XAUUSD,1,4155.751,4149.639,4161.639,0.5,OK,10009,LiveEngineScreen,1:1,60,1
2025-11-27T16:55:29.794032,XAUUSD,1,,4149.661,4161.661,0.5,SKIPPED_MAX,,Max trades reached for XAUUSD,1:1,60,1
2025-11-27T16:55:35.183057,XAUUSD,1,,4149.688,4161.688,0.5,SKIPPED_MAX,,Max trades reached for XAUUSD,1:1,60,1
2025-11-27T16:55:40.608898,XAUUSD,1,,4149.738,4161.738,0.5,SKIPPED_MAX,,Max trades reached for XAUUSD,1:1,60,1
2025-11-27T16:55:45.994450,XAUUSD,1,,4149.936,4161.936,0.5,SKIPPED_MAX,,Max trades reached for XAUUSD,1:1,60,1
2025-11-27T16:55:51.398601,XAUUSD,1,,4150.077,4162.077,0.5,SKIPPED_MAX,,Max trades reached for XAUUSD,1:1,60,1
2025-11-27T16:55:56.776895,XAUUSD,1,,4150.082,4162.082,0.5,SKIPPED_MAX,,Max trades reached for XAUUSD,1:1,60,1
2025-11-27T16:56:32.479905,XAUUSD,1,4155.751,4155.759,4161.639,0.5,TRAILING_UPDATE,10009,Moved SL to 4155.759 (Profit > 10 pips),1:1,60,1
2025-11-27T16:57:18.196179,EURUSD,-1,,1.16024,1.15904,0.8,SKIPPED_MAX,,Max trades reached for EURUSD,1:1,60,1
2025-11-27T16:57:23.593438,EURUSD,-1,,1.16025,1.1590500000000001,0.8,SKIPPED_MAX,,Max trades reached for EURUSD,1:1,60,1
2025-11-27T16:57:28.993401,EURUSD,-1,,1.16025,1.1590500000000001,0.8,SKIPPED_MAX,,Max trades reached for EURUSD,1:1,60,1
2025-11-27T16:57:34.546031,XAUUSD,1,4155.751,4155.863,4161.639,0.5,TRAILING_UPDATE,10009,Moved SL to 4155.863 (Profit > 10 pips),1:1,60,1
2025-11-27T16:57:34.898055,EURUSD,-1,,1.1602999999999999,1.1591,0.8,SKIPPED_MAX,,Max trades reached for EURUSD,1:1,60,1
2025-11-27T16:57:45.431170,XAUUSD,1,4155.751,4155.87,4161.639,0.5,TRAILING_UPDATE,10009,Moved SL to 4155.87 (Profit > 10 pips),1:1,60,1
2025-11-27T16:57:50.966865,XAUUSD,1,4155.751,4155.889,4161.639,0.5,TRAILING_UPDATE,10009,Moved SL to 4155.889 (Profit > 10 pips),1:1,60,1
2025-11-27T16:58:11.585296,XAUUSD,1,4155.751,4155.9,4161.639,0.5,TRAILING_UPDATE,10009,Moved SL to 4155.9 (Profit > 10 pips),1:1,60,1
2025-11-27T16:58:27.153979,XAUUSD,1,4155.751,4155.984,4161.639,0.5,TRAILING_UPDATE,10009,Moved SL to 4155.984 (Profit > 10 pips),1:1,60,1
2025-11-27T16:58:32.673065,XAUUSD,1,4155.751,4155.989,4161.639,0.5,TRAILING_UPDATE,10009,Moved SL to 4155.989 (Profit > 10 pips),1:1,60,1
2025-11-27T16:58:38.210202,XAUUSD,1,4155.751,4156.141,4161.639,0.5,TRAILING_UPDATE,10009,Moved SL to 4156.141 (Profit > 10 pips),1:1,60,1
2025-11-27T16:58:48.778121,XAUUSD,1,4155.751,4156.485,4161.639,0.5,TRAILING_UPDATE,10009,Moved SL to 4156.485 (Profit > 10 pips),1:1,60,1
2025-11-27T16:59:04.375308,XAUUSD,1,4155.751,4156.486,4161.639,0.5,TRAILING_UPDATE,10009,Moved SL to 4156.486 (Profit > 10 pips),1:1,60,1
2025-11-27T16:59:14.809495,XAUUSD,-1,,4162.52,4150.52,0.5,SKIPPED_MAX,,Max trades reached for XAUUSD,1:1,60,1
2025-11-27T16:59:20.238862,XAUUSD,1,4155.639,4156.486,4161.639,0.5,SL_HIT,0,BUY hit SL at 4156.438,1:1,60,1
2025-11-27T16:59:20.596741,XAUUSD,-1,4156.895,4162.438,4150.438,0.5,OK,10009,LiveEngineScreen,1:1,60,1
2025-11-27T16:59:26.109909,XAUUSD,-1,,4162.054,4150.054,0.5,SKIPPED_MAX,,Max trades reached for XAUUSD,1:1,60,1
2025-11-27T16:59:32.795094,XAUUSD,-1,,4162.109,4150.109,0.5,SKIPPED_MAX,,Max trades reached for XAUUSD,1:1,60,1
2025-11-27T16:59:38.192688,XAUUSD,-1,,4162.313,4150.313,0.5,SKIPPED_MAX,,Max trades reached for XAUUSD,1:1,60,1
2025-11-27T16:59:43.641136,XAUUSD,-1,,4162.33,4150.33,0.5,SKIPPED_MAX,,Max trades reached for XAUUSD,1:1,60,1
2025-11-27T16:59:49.062567,XAUUSD,-1,,4162.419,4150.419,0.5,SKIPPED_MAX,,Max trades reached for XAUUSD,1:1,60,1
2025-11-27T16:59:54.459161,XAUUSD,-1,,4162.315,4150.315,0.5,SKIPPED_MAX,,Max trades reached for XAUUSD,1:1,60,1
2025-11-27T17:00:10.006621,XAUUSD,1,4155.751,4155.763,4161.639,0.5,TRAILING_UPDATE,10009,Moved SL to 4155.763 (Profit > 10 pips),1:1,60,1
2025-11-27T17:00:10.364509,XAUUSD,-1,4156.438,4155.763,4150.438,0.5,SL_HIT,0,SELL hit SL at 4156.763,1:1,60,1
2025-11-27T17:00:41.081013,XAUUSD,1,4155.751,4155.88,4161.639,0,TRAILING_UPDATE,10009,Moved SL to 4155.88 (Profit > 10 pips),-,-,1
2025-11-27T17:01:11.776284,EURUSD,1,1.15992,1.16001,1.16046,0.8,TRAILING_UPDATE,10009,Moved SL to 1.16001 (Profit > 10 pips),1:1,60,1
2025-11-27T17:01:17.732002,XAUUSD,1,4155.751,4155.933,4161.639,0,TRAILING_UPDATE,10009,Moved SL to 4155.933 (Profit > 10 pips),-,-,1
2025-11-27T17:01:28.387483,XAUUSD,1,4155.751,4156.103,4161.639,0,TRAILING_UPDATE,10009,Moved SL to 4156.103 (Profit > 10 pips),-,-,1
2025-11-27T17:01:53.886284,EURUSD,1,1.15988,1.16001,1.16048,0.8,SL_HIT,0,BUY hit SL at 1.16001,1:1,60,1
2025-11-27T17:04:55.445676,XAUUSD,-1,4156.895,4156.887,4150.438,0,TRAILING_UPDATE,10009,Moved SL to 4156.887 (Profit > 10 pips),-,-,1
2025-11-27T17:05:01.591089,XAUUSD,-1,4156.895,4156.599,4150.438,0,TRAILING_UPDATE,10009,Moved SL to 4156.599 (Profit > 10 pips),-,-,1
2025-11-27T17:06:02.429836,XAUUSD,-1,4156.895,4156.335,4150.438,0,TRAILING_UPDATE,10009,Moved SL to 4156.335 (Profit > 10 pips),-,-,1
2025-11-27T17:06:07.974515,XAUUSD,-1,4156.895,4156.291,4150.438,0,TRAILING_UPDATE,10009,Moved SL to 4156.291 (Profit > 10 pips),-,-,1
2025-11-27T17:06:13.559656,XAUUSD,-1,4156.895,4156.282,4150.438,0,TRAILING_UPDATE,10009,Moved SL to 4156.282 (Profit > 10 pips),-,-,1
2025-11-27T17:06:24.224857,XAUUSD,-1,4156.895,4156.089,4150.438,0,TRAILING_UPDATE,10009,Moved SL to 4156.089 (Profit > 10 pips),-,-,1
2025-11-27T17:06:34.879948,EURUSD,-1,1.1595900000000001,1.16019,1.1589900000000002,0.8,OK,10009,LiveEngineScreen,1:1,60,1
2025-11-27T17:06:40.536481,XAUUSD,-1,4156.895,4155.94,4150.438,0,TRAILING_UPDATE,10009,Moved SL to 4155.94 (Profit > 10 pips),-,-,1
2025-11-27T17:06:45.909204,EURUSD,-1,,1.16019,1.1589900000000002,0.8,SKIPPED_MAX,,Max trades reached for EURUSD,1:1,60,1
2025-11-27T17:06:51.310190,EURUSD,-1,,1.16019,1.1589900000000002,0.8,SKIPPED_MAX,,Max trades reached for EURUSD,1:1,60,1
2025-11-27T17:06:56.774415,EURUSD,-1,,1.16019,1.1589900000000002,0.8,SKIPPED_MAX,,Max trades reached for EURUSD,1:1,60,1
2025-11-27T17:12:23.982333,XAUUSD,-1,4155.448,4161.448,4149.448,0.5,OK,10009,LiveEngineScreen,1:1,60,1
2025-11-27T17:12:30.154715,XAUUSD,-1,4155.442,4161.442,4149.442,0.5,OK,10009,LiveEngineScreen,1:1,60,1
2025-11-27T17:12:35.675689,XAUUSD,-1,,4161.311,4149.311,0.5,SKIPPED_MAX,,Max trades reached for XAUUSD,1:1,60,1
2025-11-27T17:12:41.082555,XAUUSD,-1,,4161.346,4149.346,0.5,SKIPPED_MAX,,Max trades reached for XAUUSD,1:1,60,1
2025-11-27T17:12:46.463897,XAUUSD,-1,,4161.298,4149.298,0.5,SKIPPED_MAX,,Max trades reached for XAUUSD,1:1,60,1
2025-11-27T17:12:51.862864,XAUUSD,-1,,4161.295,4149.295,0.5,SKIPPED_MAX,,Max trades reached for XAUUSD,1:1,60,1
2025-11-27T17:12:57.269468,XAUUSD,-1,,4161.394,4149.394,0.5,SKIPPED_MAX,,Max trades reached for XAUUSD,1:1,60,1
2025-11-27T17:14:13.076560,GBPJPY,1,206.969,206.893,207.013,0.9,OK,10009,LiveEngineScreen,1:1,60,1
2025-11-27T17:14:18.814279,GBPJPY,1,206.972,206.896,207.016,0.9,OK,10009,LiveEngineScreen,1:1,60,1
2025-11-27T17:20:31.667257,EURUSD,-1,1.1595900000000001,1.15939,1.15899,0.8,TRAILING_UPDATE,10009,Moved SL to 1.15939 (Profit > 10 pips),1:1,60,1
2025-11-27T17:20:52.848318,GBPJPY,1,206.956,206.896,207.016,0.9,SL_HIT,0,BUY hit SL at 206.896,1:1,60,1
2025-11-27T17:26:30.078870,XAUUSD,1,,4149.961,4161.961,0.5,SKIPPED_MAX,,Max trades reached for XAUUSD,1:1,60,1
2025-11-27T17:28:46.791867,EURUSD,-1,1.1595900000000001,1.15939,1.1589900000000002,0.8,SL_HIT,0,SELL hit SL at 1.15941,1:1,60,1
2025-11-27T17:30:48.199405,EURUSD,1,1.15952,1.15886,1.1600599999999999,0.8,OK,10009,LiveEngineScreen,1:1,60,1
2025-11-27T17:41:28.440827,EURUSD,-1,1.1592,1.1598,1.1586,0.8,OK,10009,LiveEngineScreen,1:1,60,1
2025-11-27T17:41:35.335170,EURUSD,-1,,1.15981,1.1586100000000001,0.8,SKIPPED_MAX,,Max trades reached for EURUSD,1:1,60,1
2025-11-27T17:41:40.736293,EURUSD,-1,,1.1598,1.1586,0.8,SKIPPED_MAX,,Max trades reached for EURUSD,1:1,60,1
2025-11-27T17:41:46.168587,EURUSD,-1,,1.1598,1.1586,0.8,SKIPPED_MAX,,Max trades reached for EURUSD,1:1,60,1
2025-11-27T17:41:51.573276,EURUSD,-1,,1.1598,1.1586,0.8,SKIPPED_MAX,,Max trades reached for EURUSD,1:1,60,1
2025-11-27T17:41:57.588759,EURUSD,-1,,1.1598,1.1586,0.8,SKIPPED_MAX,,Max trades reached for EURUSD,1:1,60,1
2025-11-27T17:49:05.923584,XAUUSD,1,,4152.111,4164.111,0.5,SKIPPED_MAX,,Max trades reached for XAUUSD,1:1,60,1
2025-11-27T17:49:13.824195,XAUUSD,1,,4152.032,4164.032,0.5,SKIPPED_MAX,,Max trades reached for XAUUSD,1:1,60,1
2025-11-27T17:49:19.976869,XAUUSD,1,,4152.062,4164.062,0.5,SKIPPED_MAX,,Max trades reached for XAUUSD,1:1,60,1
2025-11-27T17:49:25.383674,XAUUSD,1,,4151.891,4163.891,0.5,SKIPPED_MAX,,Max trades reached for XAUUSD,1:1,60,1
2025-11-27T17:49:35.897842,XAUUSD,1,,4151.921,4163.921,0.5,SKIPPED_MAX,,Max trades reached for XAUUSD,1:1,60,1
2025-11-27T17:49:41.527862,XAUUSD,1,,4152.04,4164.04,0.5,SKIPPED_MAX,,Max trades reached for XAUUSD,1:1,60,1
2025-11-27T17:49:46.934325,XAUUSD,1,,4151.996,4163.996,0.5,SKIPPED_MAX,,Max trades reached for XAUUSD,1:1,60,1
2025-11-27T17:49:57.346520,XAUUSD,1,,4151.933,4163.933,0.5,SKIPPED_MAX,,Max trades reached for XAUUSD,1:1,60,1
2025-11-27T17:57:30.383642,GBPUSD,1,1.3235000000000001,1.3228300000000002,1.32403,0.8,OK,10009,LiveEngineScreen,1:1,60,1
2025-11-27T17:57:36.472355,GBPUSD,1,1.32364,1.3229700000000002,1.32417,0.8,OK,10009,LiveEngineScreen,1:1,60,1
2025-11-27T17:57:42.022618,GBPUSD,1,,1.32295,1.32415,0.8,SKIPPED_MAX,,Max trades reached for GBPUSD,1:1,60,1
2025-11-27T17:57:47.422491,GBPUSD,1,,1.32295,1.32415,0.8,SKIPPED_MAX,,Max trades reached for GBPUSD,1:1,60,1
2025-11-27T17:57:52.834774,GBPUSD,1,,1.32295,1.32415,0.8,SKIPPED_MAX,,Max trades reached for GBPUSD,1:1,60,1
2025-11-27T17:57:58.292161,GBPUSD,1,,1.3229600000000001,1.32416,0.8,SKIPPED_MAX,,Max trades reached for GBPUSD,1:1,60,1
2025-11-27T17:58:44.061692,GBPUSD,1,1.3235000000000001,1.32355,1.32403,0.8,TRAILING_UPDATE,10009,Moved SL to 1.32355 (Profit > 10 pips),1:1,60,1
2025-11-27T17:58:49.672266,GBPUSD,1,1.3235000000000001,1.32356,1.32403,0.8,TRAILING_UPDATE,10009,Moved SL to 1.32356 (Profit > 10 pips),1:1,60,1
2025-11-27T17:59:00.211500,GBPUSD,1,1.3235000000000001,1.32359,1.32403,0.8,TRAILING_UPDATE,10009,Moved SL to 1.32359 (Profit > 10 pips),1:1,60,1
2025-11-27T17:59:05.746959,GBPUSD,1,1.3235000000000001,1.32364,1.32403,0.8,TRAILING_UPDATE,10009,Moved SL to 1.32364 (Profit > 10 pips),1:1,60,1
2025-11-27T17:59:21.419338,GBPUSD,1,1.3235000000000001,1.3236700000000001,1.32403,0.8,TRAILING_UPDATE,10009,Moved SL to 1.3236700000000001 (Profit > 10 pips),1:1,60,1
2025-11-27T18:00:02.249125,GBPUSD,1,1.3235000000000001,1.32372,1.32403,0.8,TRAILING_UPDATE,10009,Moved SL to 1.32372 (Profit > 10 pips),1:1,60,1
2025-11-27T18:00:08.518572,GBPUSD,1,1.3235000000000001,1.3237400000000001,1.32403,0.8,TRAILING_UPDATE,10009,Moved SL to 1.3237400000000001 (Profit > 10 pips),1:1,60,1
2025-11-27T18:00:19.099474,GBPUSD,1,1.3235000000000001,1.32375,1.32403,0.8,TRAILING_UPDATE,10009,Moved SL to 1.32375 (Profit > 10 pips),1:1,60,1
2025-11-27T18:01:34.960063,GBPUSD,1,1.3235700000000001,1.32375,1.32417,0.8,SL_HIT,0,BUY hit SL at 1.32366,1:1,60,1
2025-11-27T18:04:17.080556,GBPUSD,1,1.3236400000000001,1.32365,1.32417,0,TRAILING_UPDATE,10009,Moved SL to 1.32365 (Profit > 10 pips),-,-,1
2025-11-27T18:12:55.617512,XAUUSD,1,,4151.526,4163.526,0.5,SKIPPED_MAX,,Max trades reached for XAUUSD,1:1,60,1
2025-11-27T18:35:19.833588,EURUSD,1,,1.15883,1.16003,0.8,SKIPPED_MAX,,Max trades reached for EURUSD,1:1,60,1
2025-11-27T18:35:25.795591,EURUSD,1,,1.15884,1.16004,0.8,SKIPPED_MAX,,Max trades reached for EURUSD,1:1,60,1
2025-11-27T18:35:31.190748,EURUSD,1,,1.15884,1.16004,0.8,SKIPPED_MAX,,Max trades reached for EURUSD,1:1,60,1
2025-11-27T18:35:36.637611,EURUSD,1,,1.15884,1.16004,0.8,SKIPPED_MAX,,Max trades reached for EURUSD,1:1,60,1
2025-11-27T18:35:42.079278,EURUSD,1,,1.15884,1.16004,0.8,SKIPPED_MAX,,Max trades reached for EURUSD,1:1,60,1
2025-11-27T18:38:33.459973,GBPUSD,-1,1.32362,1.32422,1.32302,0.8,OK,10009,LiveEngineScreen,1:1,60,1
2025-11-27T18:38:44.047302,GBPUSD,-1,1.32362,1.32422,1.32302,0.8,OK,10009,LiveEngineScreen,1:1,60,1
2025-11-27T18:38:49.616064,GBPUSD,-1,,1.32422,1.32302,0.8,SKIPPED_MAX,,Max trades reached for GBPUSD,1:1,60,1
2025-11-27T18:38:54.993936,GBPUSD,-1,,1.32422,1.32302,0.8,SKIPPED_MAX,,Max trades reached for GBPUSD,1:1,60,1
2025-11-27T18:41:41.372502,GBPJPY,1,207.008,206.932,207.052,0.9,OK,10009,LiveEngineScreen,1:1,60,1
2025-11-27T18:41:47.093030,GBPJPY,1,207.008,206.932,207.052,0.9,OK,10009,LiveEngineScreen,1:1,60,1
2025-11-27T18:41:52.642054,GBPJPY,1,,206.933,207.053,0.9,SKIPPED_MAX,,Max trades reached for GBPJPY,1:1,60,1
2025-11-27T18:41:58.054309,GBPJPY,1,,206.933,207.053,0.9,SKIPPED_MAX,,Max trades reached for GBPJPY,1:1,60,1
2025-11-27T18:43:38.954006,EURUSD,-1,,1.15997,1.15877,0.8,SKIPPED_MAX,,Max trades reached for EURUSD,1:1,60,1
2025-11-27T18:43:44.402466,EURUSD,-1,,1.16,1.1588,0.8,SKIPPED_MAX,,Max trades reached for EURUSD,1:1,60,1
2025-11-27T18:43:44.769099,GBPJPY,-1,,207.02700000000002,206.907,0.9,SKIPPED_MAX,,Max trades reached for GBPJPY,1:1,60,1
2025-11-27T18:43:50.156728,EURUSD,-1,,1.1599899999999999,1.15879,0.8,SKIPPED_MAX,,Max trades reached for EURUSD,1:1,60,1
2025-11-27T18:43:50.561290,GBPJPY,-1,,207.02700000000002,206.907,0.9,SKIPPED_MAX,,Max trades reached for GBPJPY,1:1,60,1
2025-11-27T18:43:55.914573,EURUSD,-1,,1.16,1.1588,0.8,SKIPPED_MAX,,Max trades reached for EURUSD,1:1,60,1
2025-11-27T18:43:56.292319,GBPJPY,-1,,207.02700000000002,206.907,0.9,SKIPPED_MAX,,Max trades reached for GBPJPY,1:1,60,1
2025-11-27T18:44:36.947194,EURUSD,-1,,1.15993,1.15873,0.8,SKIPPED_MAX,,Max trades reached for EURUSD,1:1,60,1
2025-11-27T18:47:03.397486,GBPJPY,-1,,207.016,206.896,0.9,SKIPPED_MAX,,Max trades reached for GBPJPY,1:1,60,1
2025-11-27T18:47:08.856141,GBPJPY,-1,,207.017,206.897,0.9,SKIPPED_MAX,,Max trades reached for GBPJPY,1:1,60,1
2025-11-27T18:47:14.239758,GBPJPY,-1,,207.017,206.897,0.9,SKIPPED_MAX,,Max trades reached for GBPJPY,1:1,60,1
2025-11-27T18:47:19.650716,GBPJPY,-1,,207.014,206.894,0.9,SKIPPED_MAX,,Max trades reached for GBPJPY,1:1,60,1
2025-11-27T18:47:25.103945,GBPJPY,-1,,207.012,206.892,0.9,SKIPPED_MAX,,Max trades reached for GBPJPY,1:1,60,1
2025-11-27T18:47:30.506575,GBPJPY,-1,,207.012,206.892,0.9,SKIPPED_MAX,,Max trades reached for GBPJPY,1:1,60,1
2025-11-27T18:47:35.885412,GBPJPY,-1,,207.012,206.892,0.9,SKIPPED_MAX,,Max trades reached for GBPJPY,1:1,60,1
2025-11-27T18:47:41.298443,GBPUSD,-1,,1.32415,1.32295,0.8,SKIPPED_MAX,,Max trades reached for GBPUSD,1:1,60,1
2025-11-27T18:47:42.266066,GBPJPY,-1,,207.0,206.88,0.9,SKIPPED_MAX,,Max trades reached for GBPJPY,1:1,60,1
2025-11-27T18:47:47.658646,GBPUSD,-1,,1.32418,1.32298,0.8,SKIPPED_MAX,,Max trades reached for GBPUSD,1:1,60,1
2025-11-27T18:47:48.074519,GBPJPY,-1,,207.00300000000001,206.883,0.9,SKIPPED_MAX,,Max trades reached for GBPJPY,1:1,60,1
2025-11-27T18:47:53.446472,GBPUSD,-1,,1.32418,1.32298,0.8,SKIPPED_MAX,,Max trades reached for GBPUSD,1:1,60,1
2025-11-27T18:47:53.801593,GBPJPY,-1,,207.00300000000001,206.883,0.9,SKIPPED_MAX,,Max trades reached for GBPJPY,1:1,60,1
2025-11-27T18:47:59.170148,GBPUSD,-1,,1.32418,1.32298,0.8,SKIPPED_MAX,,Max trades reached for GBPUSD,1:1,60,1
2025-11-27T18:47:59.530011,GBPJPY,-1,,207.002,206.882,0.9,SKIPPED_MAX,,Max trades reached for GBPJPY,1:1,60,1
2025-11-27T18:58:38.665563,GBPUSD,-1,1.32362,1.32357,1.32302,0.8,TRAILING_UPDATE,10009,Moved SL to 1.32357 (Profit > 10 pips),1:1,60,1
2025-11-27T18:58:40.747600,GBPJPY,1,206.992,206.932,207.052,0.9,SL_HIT,0,BUY hit SL at 206.93,1:1,60,1
2025-11-27T18:59:02.038903,GBPUSD,-1,1.32362,1.32352,1.32302,0.8,TRAILING_UPDATE,10009,Moved SL to 1.32352 (Profit > 10 pips),1:1,60,1
2025-11-27T18:59:07.690186,GBPUSD,-1,1.32362,1.32351,1.32302,0.8,TRAILING_UPDATE,10009,Moved SL to 1.32351 (Profit > 10 pips),1:1,60,1
2025-11-27T18:59:18.217026,GBPUSD,-1,1.32362,1.32349,1.32302,0.8,TRAILING_UPDATE,10009,Moved SL to 1.32349 (Profit > 10 pips),1:1,60,1
2025-11-27T18:59:23.730357,GBPUSD,-1,1.32362,1.32346,1.32302,0.8,TRAILING_UPDATE,10009,Moved SL to 1.32346 (Profit > 10 pips),1:1,60,1
2025-11-27T18:59:59.450962,GBPUSD,-1,1.32362,1.32354,1.32302,0.8,TRAILING_UPDATE,10009,Moved SL to 1.32354 (Profit > 10 pips),1:1,60,1
2025-11-27T19:00:05.024079,GBPUSD,-1,1.32362,1.32352,1.32302,0.8,TRAILING_UPDATE,10009,Moved SL to 1.32352 (Profit > 10 pips),1:1,60,1
2025-11-27T19:03:11.454664,GBPUSD,-1,1.32362,1.32352,1.32302,0.8,SL_HIT,0,SELL hit SL at 1.3235700000000001,1:1,60,1
2025-11-27T19:09:28.974243,EURUSD,1,,1.15876,1.1599599999999999,0.8,SKIPPED_MAX,,Max trades reached for EURUSD,1:1,60,1
2025-11-27T19:09:34.965497,EURUSD,1,,1.15875,1.1599499999999998,0.8,SKIPPED_MAX,,Max trades reached for EURUSD,1:1,60,1
2025-11-27T19:09:40.389900,EURUSD,1,,1.15875,1.1599499999999998,0.8,SKIPPED_MAX,,Max trades reached for EURUSD,1:1,60,1
2025-11-27T19:09:45.948744,EURUSD,1,,1.15875,1.1599499999999998,0.8,SKIPPED_MAX,,Max trades reached for EURUSD,1:1,60,1
2025-11-27T19:09:51.384589,EURUSD,1,,1.15875,1.1599499999999998,0.8,SKIPPED_MAX,,Max trades reached for EURUSD,1:1,60,1
2025-11-27T19:10:17.151631,GBPUSD,-1,1.32361,1.3242099999999999,1.32301,0.8,OK,10009,LiveEngineScreen,1:1,60,1
2025-11-27T19:10:22.713697,GBPUSD,-1,1.3235999999999999,1.3242099999999999,1.32301,0.8,OK,10009,LiveEngineScreen,1:1,60,1
2025-11-27T19:10:28.203785,GBPUSD,-1,,1.3242099999999999,1.32301,0.8,SKIPPED_MAX,,Max trades reached for GBPUSD,1:1,60,1
2025-11-27T19:10:48.716424,GBPUSD,-1,,1.3242099999999999,1.32301,0.8,SKIPPED_MAX,,Max trades reached for GBPUSD,1:1,60,1
2025-11-27T19:10:54.251062,GBPUSD,-1,,1.3242099999999999,1.32301,0.8,SKIPPED_MAX,,Max trades reached for GBPUSD,1:1,60,1
2025-11-27T19:21:35.508167,GBPUSD,1,,1.32307,1.3242699999999998,0.8,SKIPPED_MAX,,Max trades reached for GBPUSD,1:1,60,1
2025-11-27T19:21:41.604063,GBPUSD,1,,1.32307,1.3242699999999998,0.8,SKIPPED_MAX,,Max trades reached for GBPUSD,1:1,60,1
2025-11-27T19:21:46.979141,GBPUSD,1,,1.32307,1.3242699999999998,0.8,SKIPPED_MAX,,Max trades reached for GBPUSD,1:1,60,1
2025-11-27T19:21:52.380548,GBPUSD,1,,1.32307,1.3242699999999998,0.8,SKIPPED_MAX,,Max trades reached for GBPUSD,1:1,60,1
2025-11-27T19:21:57.739356,GBPUSD,1,,1.32307,1.3242699999999998,0.8,SKIPPED_MAX,,Max trades reached for GBPUSD,1:1,60,1
2025-11-27T19:31:41.460723,GBPJPY,-1,206.951,207.011,206.891,0.9,OK,10009,LiveEngineScreen,1:1,60,1
2025-11-27T19:31:47.775725,GBPJPY,-1,206.951,207.011,206.891,0.9,OK,10009,LiveEngineScreen,1:1,60,1
2025-11-27T19:31:53.332611,GBPJPY,-1,,207.011,206.891,0.9,SKIPPED_MAX,,Max trades reached for GBPJPY,1:1,60,1
2025-11-27T19:31:58.737869,GBPJPY,-1,,207.011,206.891,0.9,SKIPPED_MAX,,Max trades reached for GBPJPY,1:1,60,1
2025-11-27T19:52:56.287190,GBPJPY,1,,206.882,207.002,0.9,SKIPPED_MAX,,Max trades reached for GBPJPY,1:1,60,1
2025-11-27T19:56:53.814612,GBPUSD,1,,1.3231700000000002,1.32437,0.8,SKIPPED_MAX,,Max trades reached for GBPUSD,1:1,60,1
2025-11-27T20:13:25.518738,GBPUSD,-1,,1.3243,1.3231000000000002,0.8,SKIPPED_MAX,,Max trades reached for GBPUSD,1:1,60,1
2025-11-27T20:14:41.984060,GBPUSD,-1,,1.32418,1.32298,0.8,SKIPPED_MAX,,Max trades reached for GBPUSD,1:1,60,1
2025-11-27T20:14:42.412669,GBPJPY,-1,,206.972,206.852,0.9,SKIPPED_MAX,,Max trades reached for GBPJPY,1:1,60,1
2025-11-27T20:14:48.146298,GBPJPY,-1,,206.971,206.851,0.9,SKIPPED_MAX,,Max trades reached for GBPJPY,1:1,60,1
2025-11-27T20:14:57.155521,GBPJPY,-1,,206.97,206.85,0.9,SKIPPED_MAX,,Max trades reached for GBPJPY,1:1,60,1
2025-11-27T20:22:10.575365,GBPUSD,1,,1.32312,1.32432,0.8,SKIPPED_MAX,,Max trades reached for GBPUSD,1:1,60,1
2025-11-27T20:22:16.585808,GBPUSD,1,,1.32311,1.3243099999999999,0.8,SKIPPED_MAX,,Max trades reached for GBPUSD,1:1,60,1
2025-11-27T20:22:21.995567,GBPUSD,1,,1.32312,1.32432,0.8,SKIPPED_MAX,,Max trades reached for GBPUSD,1:1,60,1
2025-11-27T20:22:27.410030,GBPUSD,1,,1.32311,1.3243099999999999,0.8,SKIPPED_MAX,,Max trades reached for GBPUSD,1:1,60,1
2025-11-27T20:22:32.791347,GBPUSD,1,,1.32312,1.32432,0.8,SKIPPED_MAX,,Max trades reached for GBPUSD,1:1,60,1
2025-11-27T20:22:38.212381,GBPUSD,1,,1.32312,1.32432,0.8,SKIPPED_MAX,,Max trades reached for GBPUSD,1:1,60,1
2025-11-27T20:25:14.517333,GBPUSD,1,,1.32311,1.3243099999999999,0.8,SKIPPED_MAX,,Max trades reached for GBPUSD,1:1,60,1
2025-11-27T20:26:35.403166,EURUSD,-1,,1.1600599999999999,1.15886,0.8,SKIPPED_MAX,,Max trades reached for EURUSD,1:1,60,1
2025-11-27T20:26:40.909356,EURUSD,-1,,1.1600599999999999,1.15886,0.8,SKIPPED_MAX,,Max trades reached for EURUSD,1:1,60,1
2025-11-27T20:26:46.400498,EURUSD,-1,,1.16005,1.1588500000000002,0.8,SKIPPED_MAX,,Max trades reached for EURUSD,1:1,60,1
2025-11-27T20:26:51.808426,EURUSD,-1,,1.16005,1.1588500000000002,0.8,SKIPPED_MAX,,Max trades reached for EURUSD,1:1,60,1
2025-11-27T20:26:57.191937,EURUSD,-1,,1.16005,1.1588500000000002,0.8,SKIPPED_MAX,,Max trades reached for EURUSD,1:1,60,1
2025-11-27T20:33:24.815362,GBPJPY,-1,206.951,207.011,206.891,0.9,TP_HIT,0,SELL hit TP at 206.885,1:1,60,1
2025-11-27T20:34:06.044077,GBPUSD,1,,1.32318,1.32438,0.8,SKIPPED_MAX,,Max trades reached for GBPUSD,1:1,60,1
2025-11-27T20:34:11.465244,GBPUSD,1,,1.3232,1.3243999999999998,0.8,SKIPPED_MAX,,Max trades reached for GBPUSD,1:1,60,1
2025-11-27T20:34:16.844884,GBPUSD,1,,1.32319,1.32439,0.8,SKIPPED_MAX,,Max trades reached for GBPUSD,1:1,60,1
2025-11-27T20:34:22.261762,GBPUSD,1,,1.32318,1.32438,0.8,SKIPPED_MAX,,Max trades reached for GBPUSD,1:1,60,1
2025-11-27T20:34:27.652281,GBPUSD,1,,1.3231700000000002,1.32437,0.8,SKIPPED_MAX,,Max trades reached for GBPUSD,1:1,60,1
2025-11-27T20:41:35.562409,EURUSD,-1,,1.16015,1.1589500000000001,0.8,SKIPPED_MAX,,Max trades reached for EURUSD,1:1,60,1
2025-11-27T20:41:41.658468,EURUSD,-1,,1.16014,1.15894,0.8,SKIPPED_MAX,,Max trades reached for EURUSD,1:1,60,1
2025-11-27T20:41:47.046407,EURUSD,-1,,1.16015,1.1589500000000001,0.8,SKIPPED_MAX,,Max trades reached for EURUSD,1:1,60,1
2025-11-27T20:41:52.437267,EURUSD,-1,,1.16015,1.1589500000000001,0.8,SKIPPED_MAX,,Max trades reached for EURUSD,1:1,60,1
2025-11-27T20:41:58.203543,EURUSD,-1,,1.16015,1.1589500000000001,0.8,SKIPPED_MAX,,Max trades reached for EURUSD,1:1,60,1
2025-11-27T20:42:03.850766,EURUSD,-1,,1.16015,1.1589500000000001,0.8,SKIPPED_MAX,,Max trades reached for EURUSD,1:1,60,1
2025-11-27T20:43:24.710527,EURUSD,-1,,1.16011,1.15891,0.8,SKIPPED_MAX,,Max trades reached for EURUSD,1:1,60,1
2025-11-27T20:46:16.179095,EURUSD,-1,,1.16012,1.1589200000000002,0.8,SKIPPED_MAX,,Max trades reached for EURUSD,1:1,60,1
2025-11-27T20:46:21.593254,EURUSD,-1,,1.1601299999999999,1.15893,0.8,SKIPPED_MAX,,Max trades reached for EURUSD,1:1,60,1
2025-11-27T20:46:26.999844,EURUSD,-1,,1.16012,1.1589200000000002,0.8,SKIPPED_MAX,,Max trades reached for EURUSD,1:1,60,1
2025-11-27T20:46:32.416875,EURUSD,-1,,1.1601299999999999,1.15893,0.8,SKIPPED_MAX,,Max trades reached for EURUSD,1:1,60,1
2025-11-27T20:46:37.793006,EURUSD,-1,,1.1601299999999999,1.15893,0.8,SKIPPED_MAX,,Max trades reached for EURUSD,1:1,60,1
2025-11-27T20:46:43.480704,EURUSD,-1,,1.1601299999999999,1.15893,0.8,SKIPPED_MAX,,Max trades reached for EURUSD,1:1,60,1
2025-11-27T20:46:48.859196,EURUSD,-1,,1.1601299999999999,1.15893,0.8,SKIPPED_MAX,,Max trades reached for EURUSD,1:1,60,1
2025-11-27T20:49:30.128972,GBPJPY,1,206.92,206.844,206.964,0.9,OK,10009,LiveEngineScreen,1:1,60,1
2025-11-27T20:49:35.660423,GBPJPY,1,206.918,206.84199999999998,206.962,0.9,OK,10009,LiveEngineScreen,1:1,60,1
2025-11-27T20:49:42.179349,GBPJPY,1,,206.84199999999998,206.962,0.9,SKIPPED_MAX,,Max trades reached for GBPJPY,1:1,60,1
2025-11-27T20:49:47.577760,GBPJPY,1,,206.84199999999998,206.962,0.9,SKIPPED_MAX,,Max trades reached for GBPJPY,1:1,60,1
2025-11-27T20:49:52.943510,GBPJPY,1,,206.843,206.963,0.9,SKIPPED_MAX,,Max trades reached for GBPJPY,1:1,60,1
2025-11-27T20:49:58.339033,GBPJPY,1,,206.846,206.966,0.9,SKIPPED_MAX,,Max trades reached for GBPJPY,1:1,60,1
2025-11-27T20:54:15.120130,GBPUSD,-1,,1.3242399999999999,1.32304,0.8,SKIPPED_MAX,,Max trades reached for GBPUSD,1:1,60,1
2025-11-27T21:00:03.744739,EURUSD,1,,1.15896,1.1601599999999999,0.8,SKIPPED_MAX,,Max trades reached for EURUSD,1:1,60,1
2025-11-27T21:00:04.810346,GBPUSD,1,,1.32326,1.32446,0.8,SKIPPED_MAX,,Max trades reached for GBPUSD,1:1,60,1
2025-11-27T21:00:10.920194,EURUSD,1,,1.15896,1.1601599999999999,0.8,SKIPPED_MAX,,Max trades reached for EURUSD,1:1,60,1
2025-11-27T21:00:11.264345,GBPUSD,1,,1.3232400000000002,1.32444,0.8,SKIPPED_MAX,,Max trades reached for GBPUSD,1:1,60,1
2025-11-27T21:00:16.705362,EURUSD,1,,1.15896,1.1601599999999999,0.8,SKIPPED_MAX,,Max trades reached for EURUSD,1:1,60,1
2025-11-27T21:00:17.096039,GBPUSD,1,,1.32325,1.32445,0.8,SKIPPED_MAX,,Max trades reached for GBPUSD,1:1,60,1
2025-11-27T21:00:22.494070,EURUSD,1,,1.1589900000000002,1.16019,0.8,SKIPPED_MAX,,Max trades reached for EURUSD,1:1,60,1
2025-11-27T21:00:22.842892,GBPUSD,1,,1.32326,1.32446,0.8,SKIPPED_MAX,,Max trades reached for GBPUSD,1:1,60,1
2025-11-27T21:00:28.209939,EURUSD,1,,1.1589800000000001,1.16018,0.8,SKIPPED_MAX,,Max trades reached for EURUSD,1:1,60,1
2025-11-27T21:00:28.586423,GBPUSD,1,,1.32325,1.32445,0.8,SKIPPED_MAX,,Max trades reached for GBPUSD,1:1,60,1
2025-11-27T21:00:34.033121,EURUSD,1,,1.1589900000000002,1.16019,0.8,SKIPPED_MAX,,Max trades reached for EURUSD,1:1,60,1
2025-11-27T21:00:34.385418,GBPUSD,1,,1.32325,1.32445,0.8,SKIPPED_MAX,,Max trades reached for GBPUSD,1:1,60,1
2025-11-27T21:00:39.751690,EURUSD,1,,1.1589800000000001,1.16018,0.8,SKIPPED_MAX,,Max trades reached for EURUSD,1:1,60,1
2025-11-27T21:00:40.217664,GBPUSD,1,,1.32326,1.32446,0.8,SKIPPED_MAX,,Max trades reached for GBPUSD,1:1,60,1
2025-11-27T21:00:45.623403,EURUSD,1,,1.1589800000000001,1.16018,0.8,SKIPPED_MAX,,Max trades reached for EURUSD,1:1,60,1
2025-11-27T21:00:46.004214,GBPUSD,1,,1.32326,1.32446,0.8,SKIPPED_MAX,,Max trades reached for GBPUSD,1:1,60,1
2025-11-27T21:00:51.410634,EURUSD,1,,1.1589800000000001,1.16018,0.8,SKIPPED_MAX,,Max trades reached for EURUSD,1:1,60,1
2025-11-27T21:00:51.838986,GBPUSD,1,,1.32326,1.32446,0.8,SKIPPED_MAX,,Max trades reached for GBPUSD,1:1,60,1
2025-11-27T21:00:57.303732,EURUSD,1,,1.1589800000000001,1.16018,0.8,SKIPPED_MAX,,Max trades reached for EURUSD,1:1,60,1
2025-11-27T21:00:57.716750,GBPUSD,1,,1.32325,1.32445,0.8,SKIPPED_MAX,,Max trades reached for GBPUSD,1:1,60,1
2025-11-27T21:01:18.222976,GBPUSD,-1,,1.3243099999999999,1.32311,0.8,SKIPPED_MAX,,Max trades reached for GBPUSD,1:1,60,1
2025-11-27T21:01:18.641389,GBPJPY,-1,,206.946,206.826,0.9,SKIPPED_MAX,,Max trades reached for GBPJPY,1:1,60,1
2025-11-27T21:01:24.101152,GBPUSD,-1,,1.32433,1.3231300000000001,0.8,SKIPPED_MAX,,Max trades reached for GBPUSD,1:1,60,1
2025-11-27T21:01:24.433094,GBPJPY,-1,,206.948,206.828,0.9,SKIPPED_MAX,,Max trades reached for GBPJPY,1:1,60,1
2025-11-27T21:01:29.830841,GBPUSD,-1,,1.32432,1.32312,0.8,SKIPPED_MAX,,Max trades reached for GBPUSD,1:1,60,1
2025-11-27T21:01:30.215102,GBPJPY,-1,,206.947,206.827,0.9,SKIPPED_MAX,,Max trades reached for GBPJPY,1:1,60,1
2025-11-27T21:01:35.610502,GBPUSD,-1,,1.32433,1.3231300000000001,0.8,SKIPPED_MAX,,Max trades reached for GBPUSD,1:1,60,1
2025-11-27T21:01:35.977929,GBPJPY,-1,,206.941,206.821,0.9,SKIPPED_MAX,,Max trades reached for GBPJPY,1:1,60,1
2025-11-27T21:01:41.342487,GBPUSD,-1,,1.32433,1.3231300000000001,0.8,SKIPPED_MAX,,Max trades reached for GBPUSD,1:1,60,1
2025-11-27T21:01:41.708277,GBPJPY,-1,,206.942,206.822,0.9,SKIPPED_MAX,,Max trades reached for GBPJPY,1:1,60,1
2025-11-27T21:01:47.081594,GBPUSD,-1,,1.32433,1.3231300000000001,0.8,SKIPPED_MAX,,Max trades reached for GBPUSD,1:1,60,1
2025-11-27T21:01:47.427159,GBPJPY,-1,,206.943,206.823,0.9,SKIPPED_MAX,,Max trades reached for GBPJPY,1:1,60,1
2025-11-27T21:01:52.815236,GBPUSD,-1,,1.32433,1.3231300000000001,0.8,SKIPPED_MAX,,Max trades reached for GBPUSD,1:1,60,1
2025-11-27T21:01:53.181358,GBPJPY,-1,,206.944,206.82399999999998,0.9,SKIPPED_MAX,,Max trades reached for GBPJPY,1:1,60,1
2025-11-27T21:01:58.545647,GBPUSD,-1,,1.32433,1.3231300000000001,0.8,SKIPPED_MAX,,Max trades reached for GBPUSD,1:1,60,1
2025-11-27T21:01:58.974301,GBPJPY,-1,,206.943,206.823,0.9,SKIPPED_MAX,,Max trades reached for GBPJPY,1:1,60,1
2025-11-27T21:02:24.441017,GBPUSD,-1,,1.3242099999999999,1.32301,0.8,SKIPPED_MAX,,Max trades reached for GBPUSD,1:1,60,1
2025-11-27T21:02:24.797516,GBPJPY,-1,,206.928,206.808,0.9,SKIPPED_MAX,,Max trades reached for GBPJPY,1:1,60,1
2025-11-27T21:02:30.177554,GBPJPY,-1,,206.928,206.808,0.9,SKIPPED_MAX,,Max trades reached for GBPJPY,1:1,60,1
2025-11-27T21:02:35.583749,GBPJPY,-1,,206.928,206.808,0.9,SKIPPED_MAX,,Max trades reached for GBPJPY,1:1,60,1
2025-11-27T21:02:41.086361,GBPJPY,-1,,206.928,206.808,0.9,SKIPPED_MAX,,Max trades reached for GBPJPY,1:1,60,1
2025-11-27T21:02:46.506652,GBPJPY,-1,,206.928,206.808,0.9,SKIPPED_MAX,,Max trades reached for GBPJPY,1:1,60,1
2025-11-27T21:02:51.882258,GBPJPY,-1,,206.929,206.809,0.9,SKIPPED_MAX,,Max trades reached for GBPJPY,1:1,60,1
2025-11-27T21:08:49.207214,GBPJPY,1,,206.83599999999998,206.956,0.9,SKIPPED_MAX,,Max trades reached for GBPJPY,1:1,60,1
2025-11-27T21:08:55.255839,GBPJPY,1,,206.83599999999998,206.956,0.9,SKIPPED_MAX,,Max trades reached for GBPJPY,1:1,60,1
2025-11-27T21:09:40.856327,EURUSD,-1,,1.16018,1.1589800000000001,0.8,SKIPPED_MAX,,Max trades reached for EURUSD,1:1,60,1
2025-11-27T21:09:46.272183,EURUSD,-1,,1.16018,1.1589800000000001,0.8,SKIPPED_MAX,,Max trades reached for EURUSD,1:1,60,1
2025-11-27T21:09:51.689352,EURUSD,-1,,1.16018,1.1589800000000001,0.8,SKIPPED_MAX,,Max trades reached for EURUSD,1:1,60,1
2025-11-27T21:09:57.086393,EURUSD,-1,,1.16018,1.1589800000000001,0.8,SKIPPED_MAX,,Max trades reached for EURUSD,1:1,60,1
2025-11-27T21:19:05.595313,EURUSD,1,1.15952,1.15953,1.16006,0.8,TRAILING_UPDATE,10009,Moved SL to 1.15953 (Profit > 10 pips),1:1,60,1
2025-11-27T21:19:06.649211,EURUSD,-1,1.1592,1.15953,1.1586,0.8,SL_HIT,0,SELL hit SL at 1.15963,1:1,60,1
2025-11-27T21:20:23.212759,EURUSD,1,1.15952,1.15956,1.16006,0,TRAILING_UPDATE,10009,Moved SL to 1.15956 (Profit > 10 pips),-,-,1
2025-11-27T21:24:04.857748,EURUSD,-1,,1.16019,1.1589900000000002,0.8,SKIPPED_MAX,,Max trades reached for EURUSD,1:1,60,1
2025-11-27T21:24:45.471736,GBPJPY,1,,206.829,206.949,0.9,SKIPPED_MAX,,Max trades reached for GBPJPY,1:1,60,1
2025-11-27T21:24:51.066877,GBPJPY,1,,206.829,206.949,0.9,SKIPPED_MAX,,Max trades reached for GBPJPY,1:1,60,1
2025-11-27T21:24:56.445754,GBPJPY,1,,206.82999999999998,206.95,0.9,SKIPPED_MAX,,Max trades reached for GBPJPY,1:1,60,1
2025-11-27T21:32:54.489366,EURUSD,1,,1.1590500000000001,1.16025,0.8,SKIPPED_MAX,,Max trades reached for EURUSD,1:1,60,1
2025-11-27T21:45:04.866668,EURUSD,1,1.15952,1.15957,1.16006,0,TRAILING_UPDATE,10009,Moved SL to 1.15957 (Profit > 10 pips),-,-,1
2025-11-27T21:45:21.133527,EURUSD,1,1.15952,1.15958,1.16006,0,TRAILING_UPDATE,10009,Moved SL to 1.15958 (Profit > 10 pips),-,-,1
2025-11-27T21:57:55.821933,GBPJPY,1,,206.833,206.953,0.9,SKIPPED_MAX,,Max trades reached for GBPJPY,1:1,60,1
2025-11-27T21:59:13.007205,GBPJPY,-1,,206.969,206.849,0.9,SKIPPED_MAX,,Max trades reached for GBPJPY,1:1,60,1
2025-11-27T21:59:18.507145,GBPJPY,-1,,206.969,206.849,0.9,SKIPPED_MAX,,Max trades reached for GBPJPY,1:1,60,1
2025-11-27T21:59:34.259478,GBPJPY,1,206.92,206.92600000000002,206.964,0.9,TRAILING_UPDATE,10009,Moved SL to 206.92600000000002 (Profit > 10 pips),1:1,60,1
2025-11-27T21:59:39.792926,GBPJPY,1,206.92,206.931,206.964,0.9,TRAILING_UPDATE,10009,Moved SL to 206.931 (Profit > 10 pips),1:1,60,1
2025-11-27T21:59:45.296168,GBPJPY,1,206.92,206.934,206.964,0.9,TRAILING_UPDATE,10009,Moved SL to 206.934 (Profit > 10 pips),1:1,60,1
2025-11-27T21:59:50.845119,GBPJPY,1,206.92,206.935,206.964,0.9,TRAILING_UPDATE,10009,Moved SL to 206.935 (Profit > 10 pips),1:1,60,1
2025-11-27T22:05:07.937836,GBPJPY,1,206.902,206.935,206.962,0.9,SL_HIT,0,BUY hit SL at 206.883,1:1,60,1
2025-11-27T22:12:46.622309,GBPJPY,-1,,206.872,206.752,0.9,REJECTED,10016,Invalid stops,1:1,60,1
2025-11-27T22:12:52.587925,GBPJPY,-1,,206.875,206.755,0.9,REJECTED,10016,Invalid stops,1:1,60,1
2025-11-27T22:13:48.333522,GBPJPY,-1,,206.88,206.76,0.9,REJECTED,10016,Invalid stops,1:1,60,1
2025-11-27T22:13:58.751578,GBPJPY,-1,,206.881,206.761,0.9,REJECTED,10016,Invalid stops,1:1,60,1
2025-11-27T22:30:04.525600,EURUSD,1,1.15965,1.15891,1.16011,0.8,OK,10009,LiveEngineScreen,1:1,60,1
2025-11-27T22:30:10.762528,EURUSD,1,,1.1589200000000002,1.16012,0.8,SKIPPED_MAX,,Max trades reached for EURUSD,1:1,60,1
2025-11-27T22:30:16.430766,EURUSD,1,,1.1589200000000002,1.16012,0.8,SKIPPED_MAX,,Max trades reached for EURUSD,1:1,60,1
2025-11-27T22:30:21.832144,EURUSD,1,,1.1589200000000002,1.16012,0.8,SKIPPED_MAX,,Max trades reached for EURUSD,1:1,60,1
2025-11-27T22:30:27.197304,EURUSD,1,,1.1589200000000002,1.16012,0.8,SKIPPED_MAX,,Max trades reached for EURUSD,1:1,60,1
2025-11-27T22:30:32.593805,EURUSD,1,,1.1589200000000002,1.16012,0.8,SKIPPED_MAX,,Max trades reached for EURUSD,1:1,60,1
2025-11-27T22:30:53.056534,EURUSD,1,,1.15891,1.16011,0.8,SKIPPED_MAX,,Max trades reached for EURUSD,1:1,60,1
2025-11-27T22:30:58.448934,EURUSD,1,,1.15891,1.16011,0.8,SKIPPED_MAX,,Max trades reached for EURUSD,1:1,60,1
2025-11-27T22:40:37.062692,EURUSD,1,,1.1589500000000001,1.16015,0.8,SKIPPED_MAX,,Max trades reached for EURUSD,1:1,60,1
2025-11-27T22:40:58.454181,EURUSD,1,,1.15896,1.1601599999999999,0.8,SKIPPED_MAX,,Max trades reached for EURUSD,1:1,60,1
2025-11-27T22:41:03.844754,EURUSD,1,,1.15896,1.1601599999999999,0.8,SKIPPED_MAX,,Max trades reached for EURUSD,1:1,60,1
2025-11-27T22:45:10.642260,GBPUSD,-1,,1.3242099999999999,1.32301,0.8,SKIPPED_MAX,,Max trades reached for GBPUSD,1:1,60,1
2025-11-27T22:45:17.094598,GBPUSD,-1,,1.3242099999999999,1.32301,0.8,SKIPPED_MAX,,Max trades reached for GBPUSD,1:1,60,1
2025-11-27T22:50:04.055946,GBPJPY,-1,,206.84,206.72,0.9,REJECTED,10016,Invalid stops,1:1,60,1
2025-11-27T22:50:20.042946,GBPJPY,-1,,206.886,206.766,0.9,REJECTED,10016,Invalid stops,1:1,60,1
2025-11-27T22:50:25.463354,GBPJPY,-1,,206.888,206.768,0.9,REJECTED,10016,Invalid stops,1:1,60,1
2025-11-27T22:50:30.828888,GBPJPY,-1,,206.883,206.763,0.9,REJECTED,10016,Invalid stops,1:1,60,1
2025-11-27T22:50:36.206350,GBPJPY,-1,,206.887,206.767,0.9,REJECTED,10016,Invalid stops,1:1,60,1
2025-11-27T22:51:26.855002,GBPJPY,-1,,206.887,206.767,0.9,REJECTED,10016,Invalid stops,1:1,60,1
2025-11-27T22:51:32.641262,GBPJPY,-1,,206.887,206.767,0.9,REJECTED,10016,Invalid stops,1:1,60,1
2025-11-27T22:51:38.009472,GBPJPY,-1,,206.886,206.766,0.9,REJECTED,10016,Invalid stops,1:1,60,1
2025-11-27T22:51:43.378504,EURUSD,-1,,1.16,1.1588,0.8,SKIPPED_MAX,,Max trades reached for EURUSD,1:1,60,1
2025-11-27T22:51:43.745097,GBPJPY,-1,,206.887,206.767,0.9,REJECTED,10016,Invalid stops,1:1,60,1
2025-11-27T22:51:49.100067,EURUSD,-1,,1.1599899999999999,1.15879,0.8,SKIPPED_MAX,,Max trades reached for EURUSD,1:1,60,1
2025-11-27T22:51:49.473521,GBPJPY,-1,,206.887,206.767,0.9,REJECTED,10016,Invalid stops,1:1,60,1
2025-11-27T22:51:54.832382,EURUSD,-1,,1.1599899999999999,1.15879,0.8,SKIPPED_MAX,,Max trades reached for EURUSD,1:1,60,1
2025-11-27T22:51:55.185322,GBPJPY,-1,,206.883,206.763,0.9,REJECTED,10016,Invalid stops,1:1,60,1
2025-11-27T22:52:00.546202,EURUSD,-1,,1.1599899999999999,1.15879,0.8,SKIPPED_MAX,,Max trades reached for EURUSD,1:1,60,1
2025-11-27T22:59:58.687261,EURUSD,1,,1.15901,1.16021,0.8,SKIPPED_MAX,,Max trades reached for EURUSD,1:1,60,1
2025-11-27T23:00:05.231830,EURUSD,-1,,1.1601599999999999,1.15896,0.8,SKIPPED_MAX,,Max trades reached for EURUSD,1:1,60,1
2025-11-27T23:00:05.597864,GBPUSD,1,,1.3231000000000002,1.3243,0.8,SKIPPED_MAX,,Max trades reached for GBPUSD,1:1,60,1
2025-11-27T23:00:05.940144,GBPJPY,1,,206.85399999999998,206.974,0.9,REJECTED,10011,LiveEngineScreen,1:1,60,1
2025-11-27T23:01:23.846852,GBPUSD,1,,1.32308,1.32428,0.8,SKIPPED_MAX,,Max trades reached for GBPUSD,1:1,60,1
2025-11-27T23:01:29.265935,GBPUSD,1,,1.32307,1.3242699999999998,0.8,SKIPPED_MAX,,Max trades reached for GBPUSD,1:1,60,1
2025-11-27T23:01:34.640681,XAUUSD,-1,,4165.712,4153.712,0.5,SKIPPED_MAX,,Max trades reached for XAUUSD,1:1,60,1
2025-11-27T23:01:35.023785,GBPUSD,1,,1.3230600000000001,1.32426,0.8,SKIPPED_MAX,,Max trades reached for GBPUSD,1:1,60,1
2025-11-27T23:01:40.426197,XAUUSD,-1,,4165.721,4153.721,0.5,SKIPPED_MAX,,Max trades reached for XAUUSD,1:1,60,1
2025-11-27T23:01:40.813317,GBPUSD,1,,1.3230600000000001,1.32426,0.8,SKIPPED_MAX,,Max trades reached for GBPUSD,1:1,60,1
2025-11-27T23:01:46.180845,XAUUSD,-1,,4165.594,4153.594,0.5,SKIPPED_MAX,,Max trades reached for XAUUSD,1:1,60,1
2025-11-27T23:01:46.571648,GBPUSD,1,,1.32307,1.3242699999999998,0.8,SKIPPED_MAX,,Max trades reached for GBPUSD,1:1,60,1
2025-11-27T23:01:51.952008,XAUUSD,-1,,4165.438,4153.438,0.5,SKIPPED_MAX,,Max trades reached for XAUUSD,1:1,60,1
2025-11-27T23:01:52.326219,GBPUSD,1,,1.32309,1.32429,0.8,SKIPPED_MAX,,Max trades reached for GBPUSD,1:1,60,1
2025-11-27T23:01:57.704052,XAUUSD,-1,,4165.092,4153.092,0.5,SKIPPED_MAX,,Max trades reached for XAUUSD,1:1,60,1
2025-11-27T23:01:58.090076,GBPUSD,1,,1.32308,1.32428,0.8,SKIPPED_MAX,,Max trades reached for GBPUSD,1:1,60,1
2025-11-27T23:02:23.669270,GBPUSD,-1,,1.32419,1.32299,0.8,SKIPPED_MAX,,Max trades reached for GBPUSD,1:1,60,1
2025-11-27T23:02:29.094128,GBPUSD,-1,,1.3241999999999998,1.323,0.8,SKIPPED_MAX,,Max trades reached for GBPUSD,1:1,60,1
2025-11-27T23:02:34.491185,GBPUSD,-1,,1.3242099999999999,1.32301,0.8,SKIPPED_MAX,,Max trades reached for GBPUSD,1:1,60,1
2025-11-27T23:02:39.906013,GBPUSD,-1,,1.3241999999999998,1.323,0.8,SKIPPED_MAX,,Max trades reached for GBPUSD,1:1,60,1
2025-11-27T23:02:50.444019,EURUSD,1,1.1596600000000001,1.15969,1.16011,0.8,TRAILING_UPDATE,10009,Moved SL to 1.15969 (Profit > 10 pips),1:1,60,1
2025-11-27T23:03:21.109830,EURUSD,1,1.1596600000000001,1.15971,1.16011,0.8,TRAILING_UPDATE,10009,Moved SL to 1.15971 (Profit > 10 pips),1:1,60,1
2025-11-27T23:03:21.493080,GBPUSD,1,,1.3231700000000002,1.32437,0.8,SKIPPED_MAX,,Max trades reached for GBPUSD,1:1,60,1
2025-11-27T23:03:26.988466,EURUSD,1,1.1596600000000001,1.15972,1.16011,0.8,TRAILING_UPDATE,10009,Moved SL to 1.15972 (Profit > 10 pips),1:1,60,1
2025-11-27T23:03:27.337840,GBPUSD,1,,1.32318,1.32438,0.8,SKIPPED_MAX,,Max trades reached for GBPUSD,1:1,60,1
2025-11-27T23:04:08.026252,EURUSD,1,1.1596600000000001,1.1597600000000001,1.16011,0.8,TRAILING_UPDATE,10009,Moved SL to 1.1597600000000001 (Profit > 10 pips),1:1,60,1
2025-11-27T23:04:13.544702,EURUSD,1,1.1596600000000001,1.15977,1.16011,0.8,TRAILING_UPDATE,10009,Moved SL to 1.15977 (Profit > 10 pips),1:1,60,1
2025-11-27T23:05:04.349746,EURUSD,1,1.1596600000000001,1.15983,1.16011,0.8,TRAILING_UPDATE,10009,Moved SL to 1.15983 (Profit > 10 pips),1:1,60,1
2025-11-27T23:05:55.246133,EURUSD,1,1.1596600000000001,1.15987,1.16011,0.8,TRAILING_UPDATE,10009,Moved SL to 1.15987 (Profit > 10 pips),1:1,60,1
2025-11-27T23:06:46.102674,EURUSD,1,1.1596600000000001,1.15991,1.16011,0.8,TRAILING_UPDATE,10009,Moved SL to 1.15991 (Profit > 10 pips),1:1,60,1
2025-11-27T23:07:21.734338,GBPJPY,1,206.833,206.754,206.874,0.9,OK,10009,LiveEngineScreen,1:1,60,1
2025-11-27T23:07:27.314638,GBPJPY,1,206.838,206.759,206.879,0.9,OK,10009,LiveEngineScreen,1:1,60,1
2025-11-27T23:07:32.862701,GBPJPY,1,,206.759,206.879,0.9,SKIPPED_MAX,,Max trades reached for GBPJPY,1:1,60,1
2025-11-27T23:07:38.267189,GBPJPY,1,,206.759,206.879,0.9,SKIPPED_MAX,,Max trades reached for GBPJPY,1:1,60,1
2025-11-27T23:07:43.649136,GBPJPY,1,,206.761,206.881,0.9,SKIPPED_MAX,,Max trades reached for GBPJPY,1:1,60,1
2025-11-27T23:07:49.042889,GBPJPY,1,,206.769,206.889,0.9,SKIPPED_MAX,,Max trades reached for GBPJPY,1:1,60,1
2025-11-27T23:07:54.415199,GBPJPY,1,,206.768,206.888,0.9,SKIPPED_MAX,,Max trades reached for GBPJPY,1:1,60,1
2025-11-27T23:07:59.833138,GBPJPY,1,,206.768,206.888,0.9,SKIPPED_MAX,,Max trades reached for GBPJPY,1:1,60,1
2025-11-27T23:09:10.596934,XAUUSD,-1,4155.442,4161.442,4149.442,0.5,SL_HIT,0,SELL hit SL at 4161.919,1:1,60,1
2025-11-27T23:09:36.266350,GBPJPY,1,206.834,206.836,206.874,0.9,TRAILING_UPDATE,10009,Moved SL to 206.836 (Profit > 10 pips),1:1,60,1
2025-11-27T23:09:36.646028,GBPJPY,1,,206.786,206.906,0.9,SKIPPED_MAX,,Max trades reached for GBPJPY,1:1,60,1
2025-11-27T23:09:42.014159,EURUSD,1,1.15951,1.15991,1.16011,0.8,SL_HIT,0,BUY hit SL at 1.15991,1:1,60,1
2025-11-27T23:09:42.528586,GBPJPY,1,206.834,206.86100000000002,206.874,0.9,TRAILING_UPDATE,10009,Moved SL to 206.86100000000002 (Profit > 10 pips),1:1,60,1
2025-11-27T23:09:42.875344,GBPJPY,1,,206.811,206.931,0.9,SKIPPED_MAX,,Max trades reached for GBPJPY,1:1,60,1
2025-11-27T23:09:48.253105,GBPJPY,1,,206.81,206.93,0.9,SKIPPED_MAX,,Max trades reached for GBPJPY,1:1,60,1
2025-11-27T23:09:53.753286,GBPJPY,1,206.897,206.81799999999998,206.938,0.9,OK,10009,LiveEngineScreen,1:1,60,1
2025-11-27T23:09:59.278744,GBPJPY,1,206.903,206.82399999999998,206.944,0.9,OK,10009,LiveEngineScreen,1:1,60,1
2025-11-27T23:23:19.419285,XAUUSD,-1,4161.975,4167.975,4155.975,0.5,OK,10009,LiveEngineScreen,1:1,60,1
2025-11-27T23:23:25.613803,XAUUSD,-1,4161.99,4167.99,4155.99,0.5,OK,10009,LiveEngineScreen,1:1,60,1
2025-11-27T23:33:39.560506,XAUUSD,-1,,4168.03,4156.03,0.5,SKIPPED_MAX,,Max trades reached for XAUUSD,1:1,60,1
2025-11-27T23:34:05.947728,GBPJPY,1,206.884,206.82399999999998,206.944,0.9,TP_HIT,0,BUY hit TP at 206.946,1:1,60,1
2025-11-27T23:40:58.718743,GBPJPY,1,206.953,206.874,206.994,0.9,OK,10009,LiveEngineScreen,1:1,60,1
2025-11-27T23:56:15.156455,GBPJPY,1,206.953,206.877,206.997,0.9,OK,10009,LiveEngineScreen,1:1,60,1
2025-11-27T23:56:22.022542,GBPJPY,1,,206.877,206.997,0.9,SKIPPED_MAX,,Max trades reached for GBPJPY,1:1,60,1
2025-11-27T23:56:27.418694,GBPJPY,1,,206.876,206.996,0.9,SKIPPED_MAX,,Max trades reached for GBPJPY,1:1,60,1
2025-11-27T23:56:32.813904,GBPJPY,1,,206.876,206.996,0.9,SKIPPED_MAX,,Max trades reached for GBPJPY,1:1,60,1
2025-11-27T23:56:38.206548,GBPJPY,1,,206.877,206.997,0.9,SKIPPED_MAX,,Max trades reached for GBPJPY,1:1,60,1
2025-11-27T23:56:43.659109,GBPJPY,1,,206.877,206.997,0.9,SKIPPED_MAX,,Max trades reached for GBPJPY,1:1,60,1
2025-11-27T23:56:49.033189,GBPJPY,1,,206.877,206.997,0.9,SKIPPED_MAX,,Max trades reached for GBPJPY,1:1,60,1
2025-11-27T23:56:54.463032,EURUSD,-1,1.1599,1.1604999999999999,1.1593,0.8,OK,10009,LiveEngineScreen,1:1,60,1
2025-11-27T23:56:54.952634,GBPJPY,1,,206.88,207.0,0.9,SKIPPED_MAX,,Max trades reached for GBPJPY,1:1,60,1
2025-11-27T23:57:00.341938,GBPJPY,1,,206.88,207.0,0.9,SKIPPED_MAX,,Max trades reached for GBPJPY,1:1,60,1
2025-11-27T23:57:15.854263,GBPUSD,-1,,1.32459,1.32339,0.8,SKIPPED_MAX,,Max trades reached for GBPUSD,1:1,60,1
2025-11-27T23:59:27.183888,GBPJPY,-1,,206.995,206.875,0.9,SKIPPED_MAX,,Max trades reached for GBPJPY,1:1,60,1
2025-11-27T23:59:32.751385,GBPJPY,-1,,206.991,206.871,0.9,SKIPPED_MAX,,Max trades reached for GBPJPY,1:1,60,1
2025-11-27T23:59:38.647523,GBPJPY,-1,,206.994,206.874,0.9,SKIPPED_MAX,,Max trades reached for GBPJPY,1:1,60,1
2025-11-27T23:59:44.056034,GBPJPY,-1,,206.993,206.873,0.9,SKIPPED_MAX,,Max trades reached for GBPJPY,1:1,60,1
2025-11-27T23:59:49.414805,GBPUSD,-1,,1.32456,1.32336,0.8,SKIPPED_MAX,,Max trades reached for GBPUSD,1:1,60,1
2025-11-27T23:59:49.800271,GBPJPY,-1,,206.986,206.86599999999999,0.9,SKIPPED_MAX,,Max trades reached for GBPJPY,1:1,60,1
2025-11-27T23:59:55.182482,GBPJPY,-1,,206.985,206.865,0.9,SKIPPED_MAX,,Max trades reached for GBPJPY,1:1,60,1
2025-11-28T00:01:01.364400,GBPUSD,-1,1.32361,1.3242099999999999,1.32301,0.8,SL_HIT,0,SELL hit SL at 1.32434,1:1,60,1
2025-11-28T00:01:06.837637,GBPJPY,-1,,206.973,206.853,0.9,SKIPPED_MAX,,Max trades reached for GBPJPY,1:1,60,1
2025-11-28T00:01:12.271354,GBPJPY,-1,,206.962,206.84199999999998,0.9,SKIPPED_MAX,,Max trades reached for GBPJPY,1:1,60,1
2025-11-28T00:01:17.929826,GBPJPY,-1,,206.969,206.849,0.9,SKIPPED_MAX,,Max trades reached for GBPJPY,1:1,60,1
2025-11-28T00:01:23.311374,GBPJPY,-1,,206.968,206.84799999999998,0.9,SKIPPED_MAX,,Max trades reached for GBPJPY,1:1,60,1
2025-11-28T00:01:28.803823,GBPJPY,-1,,206.965,206.845,0.9,SKIPPED_MAX,,Max trades reached for GBPJPY,1:1,60,1
2025-11-28T00:01:34.191125,GBPJPY,-1,,206.944,206.82399999999998,0.9,SKIPPED_MAX,,Max trades reached for GBPJPY,1:1,60,1
2025-11-28T00:01:39.652265,GBPJPY,-1,,206.947,206.827,0.9,SKIPPED_MAX,,Max trades reached for GBPJPY,1:1,60,1
2025-11-28T00:01:45.048723,GBPJPY,1,206.937,206.877,206.997,0.9,SL_HIT,0,BUY hit SL at 206.861,1:1,60,1
2025-11-28T00:01:45.414432,GBPJPY,-1,206.861,206.921,206.801,0.9,OK,10009,LiveEngineScreen,1:1,60,1
2025-11-28T00:01:50.977584,GBPJPY,-1,206.893,206.953,206.833,0.9,OK,10009,LiveEngineScreen,1:1,60,1
2025-11-28T00:01:56.538005,GBPJPY,-1,,206.946,206.826,0.9,SKIPPED_MAX,,Max trades reached for GBPJPY,1:1,60,1
2025-11-28T00:02:37.276941,GBPJPY,1,206.957,206.878,206.998,0.9,OK,10009,LiveEngineScreen,1:1,60,1
2025-11-28T00:02:58.022868,GBPJPY,1,206.955,206.876,206.996,0.9,OK,10009,LiveEngineScreen,1:1,60,1
2025-11-28T00:03:08.891108,GBPJPY,1,206.95700000000002,206.96300000000002,206.998,0.9,TRAILING_UPDATE,10009,Moved SL to 206.96300000000002 (Profit > 10 pips),1:1,60,1
2025-11-28T00:03:14.297055,GBPJPY,1,206.936,206.96300000000002,206.996,0.9,SL_HIT,0,BUY hit SL at 206.939,1:1,60,1
2025-11-28T00:03:39.863945,EURUSD,-1,1.15988,1.16048,1.15928,0.8,OK,10009,LiveEngineScreen,1:1,60,1
2025-11-28T00:03:45.580860,EURUSD,-1,,1.16046,1.1592600000000002,0.8,SKIPPED_MAX,,Max trades reached for EURUSD,1:1,60,1
2025-11-28T00:03:50.976837,EURUSD,-1,,1.16047,1.15927,0.8,SKIPPED_MAX,,Max trades reached for EURUSD,1:1,60,1
2025-11-28T00:03:56.536550,EURUSD,-1,,1.16046,1.1592600000000002,0.8,SKIPPED_MAX,,Max trades reached for EURUSD,1:1,60,1
2025-11-28T00:04:17.399935,EURUSD,-1,1.1599000000000002,1.15988,1.1593,0.8,TRAILING_UPDATE,10009,Moved SL to 1.15988 (Profit > 10 pips),1:1,60,1
2025-11-28T00:04:17.926785,GBPUSD,-1,1.3239,1.3245,1.3233000000000001,0.8,OK,10009,LiveEngineScreen,1:1,60,1
2025-11-28T00:05:04.044324,EURUSD,-1,1.15988,1.15988,1.15928,0.8,SL_HIT,0,SELL hit SL at 1.15991,1:1,60,1
2025-11-28T00:07:20.774840,XAUUSD,-1,4161.99,4167.99,4155.99,0.5,SL_HIT,0,SELL hit SL at 4168.138,1:1,60,1
2025-11-28T00:07:31.281548,EURUSD,1,1.16,1.15934,1.16054,0.8,OK,10009,LiveEngineScreen,1:1,60,1
2025-11-28T00:07:49.194674,EURUSD,1,,1.15934,1.16054,0.8,SKIPPED_MAX,,Max trades reached for EURUSD,1:1,60,1
2025-11-28T00:07:54.591387,EURUSD,1,,1.15934,1.16054,0.8,SKIPPED_MAX,,Max trades reached for EURUSD,1:1,60,1
2025-11-28T00:08:00.006221,EURUSD,1,,1.15934,1.16054,0.8,SKIPPED_MAX,,Max trades reached for EURUSD,1:1,60,1
2025-11-28T00:19:41.345508,XAUUSD,-1,4167.497,4173.497,4161.497,0.5,OK,10009,LiveEngineScreen,1:1,60,1
2025-11-28T00:19:47.735492,XAUUSD,-1,4167.148,4173.148,4161.148,0.5,OK,10009,LiveEngineScreen,1:1,60,1
2025-11-28T00:20:33.635656,EURUSD,-1,,1.16044,1.15924,0.8,SKIPPED_MAX,,Max trades reached for EURUSD,1:1,60,1
2025-11-28T00:20:39.045228,EURUSD,-1,,1.16044,1.15924,0.8,SKIPPED_MAX,,Max trades reached for EURUSD,1:1,60,1
2025-11-28T00:20:49.506162,EURUSD,-1,,1.1604299999999999,1.15923,0.8,SKIPPED_MAX,,Max trades reached for EURUSD,1:1,60,1
2025-11-28T00:20:54.966593,EURUSD,-1,,1.16044,1.15924,0.8,SKIPPED_MAX,,Max trades reached for EURUSD,1:1,60,1
2025-11-28T00:21:00.429619,EURUSD,-1,,1.1604299999999999,1.15923,0.8,SKIPPED_MAX,,Max trades reached for EURUSD,1:1,60,1
2025-11-28T00:23:27.063991,GBPUSD,1,1.32442,1.32375,1.3249499999999999,0.8,OK,10009,LiveEngineScreen,1:1,60,1
2025-11-28T00:23:47.916465,GBPUSD,1,,1.32375,1.3249499999999999,0.8,SKIPPED_MAX,,Max trades reached for GBPUSD,1:1,60,1
2025-11-28T00:23:53.349934,XAUUSD,1,,4163.624,4175.624,0.5,SKIPPED_MAX,,Max trades reached for XAUUSD,1:1,60,1
2025-11-28T00:27:10.403869,EURUSD,-1,1.15988,1.15971,1.15928,0.8,TRAILING_UPDATE,10009,Moved SL to 1.15971 (Profit > 10 pips),1:1,60,1
2025-11-28T00:27:11.029061,EURUSD,1,1.15994,1.15971,1.16054,0.8,SL_HIT,0,BUY hit SL at 1.15961,1:1,60,1
2025-11-28T00:27:21.468326,GBPUSD,-1,,1.32462,1.32342,0.8,SKIPPED_MAX,,Max trades reached for GBPUSD,1:1,60,1
2025-11-28T00:27:26.926898,GBPUSD,-1,,1.3246499999999999,1.32345,0.8,SKIPPED_MAX,,Max trades reached for GBPUSD,1:1,60,1
2025-11-28T00:27:32.319586,GBPUSD,-1,,1.32463,1.32343,0.8,SKIPPED_MAX,,Max trades reached for GBPUSD,1:1,60,1
2025-11-28T00:27:37.819499,GBPUSD,-1,,1.32463,1.32343,0.8,SKIPPED_MAX,,Max trades reached for GBPUSD,1:1,60,1
2025-11-28T00:27:43.192138,GBPUSD,-1,,1.3246499999999999,1.32345,0.8,SKIPPED_MAX,,Max trades reached for GBPUSD,1:1,60,1
2025-11-28T00:27:48.634245,GBPUSD,-1,,1.3246499999999999,1.32345,0.8,SKIPPED_MAX,,Max trades reached for GBPUSD,1:1,60,1
2025-11-28T00:27:54.026407,GBPUSD,-1,,1.3246499999999999,1.32345,0.8,SKIPPED_MAX,,Max trades reached for GBPUSD,1:1,60,1
2025-11-28T00:27:59.452114,GBPUSD,-1,,1.3246499999999999,1.32345,0.8,SKIPPED_MAX,,Max trades reached for GBPUSD,1:1,60,1
2025-11-28T00:33:02.559533,GBPUSD,-1,1.3239,1.32389,1.3233,0.8,TRAILING_UPDATE,10009,Moved SL to 1.32389 (Profit > 10 pips),1:1,60,1
2025-11-28T00:33:04.018403,GBPUSD,1,1.32435,1.32389,1.3249499999999999,0.8,SL_HIT,0,BUY hit SL at 1.32379,1:1,60,1
2025-11-28T00:33:10.145283,GBPUSD,-1,1.3239,1.32384,1.3233,0,TRAILING_UPDATE,10009,Moved SL to 1.32384 (Profit > 10 pips),-,-,1
2025-11-28T00:34:00.940564,XAUUSD,-1,4167.148,4173.148,4161.148,0.5,SL_HIT,0,SELL hit SL at 4173.319,1:1,60,1
2025-11-28T00:34:01.463075,GBPUSD,-1,1.3239,1.32383,1.3233,0,TRAILING_UPDATE,10009,Moved SL to 1.32383 (Profit > 10 pips),-,-,1
2025-11-28T00:37:23.341312,GBPJPY,-1,206.952,207.012,206.892,0.9,OK,10009,LiveEngineScreen,1:1,60,1
2025-11-28T00:37:28.938306,GBPJPY,-1,206.952,207.012,206.892,0.9,OK,10009,LiveEngineScreen,1:1,60,1
2025-11-28T00:37:34.486973,GBPJPY,-1,,206.992,206.87199999999999,0.9,SKIPPED_MAX,,Max trades reached for GBPJPY,1:1,60,1
2025-11-28T00:37:39.918884,GBPJPY,-1,,206.973,206.853,0.9,SKIPPED_MAX,,Max trades reached for GBPJPY,1:1,60,1
2025-11-28T00:37:45.308184,GBPJPY,-1,,206.997,206.877,0.9,SKIPPED_MAX,,Max trades reached for GBPJPY,1:1,60,1
2025-11-28T00:37:50.711964,GBPJPY,-1,,207.008,206.888,0.9,SKIPPED_MAX,,Max trades reached for GBPJPY,1:1,60,1
2025-11-28T00:37:56.138529,GBPJPY,-1,,207.001,206.881,0.9,SKIPPED_MAX,,Max trades reached for GBPJPY,1:1,60,1
2025-11-28T00:38:01.546782,GBPJPY,-1,,207.011,206.891,0.9,SKIPPED_MAX,,Max trades reached for GBPJPY,1:1,60,1
2025-11-28T00:45:35.878787,GBPJPY,-1,206.952,207.012,206.892,0.9,SL_HIT,0,SELL hit SL at 207.013,1:1,60,1
2025-11-28T01:00:45.088083,EURUSD,1,1.1596,1.15894,1.16014,0.8,OK,10009,LiveEngineScreen,1:1,60,1
2025-11-28T01:03:49.533794,EURUSD,1,1.15961,1.15964,1.16014,0.8,TRAILING_UPDATE,10009,Moved SL to 1.15964 (Profit > 10 pips),1:1,60,1
2025-11-28T01:03:56.255548,EURUSD,1,1.15961,1.15968,1.16014,0.8,TRAILING_UPDATE,10009,Moved SL to 1.15968 (Profit > 10 pips),1:1,60,1
2025-11-28T01:04:08.082692,EURUSD,1,1.15961,1.15973,1.16014,0.8,TRAILING_UPDATE,10009,Moved SL to 1.15973 (Profit > 10 pips),1:1,60,1
2025-11-28T01:06:45.953205,EURUSD,1,1.15954,1.15973,1.16014,0.8,SL_HIT,0,BUY hit SL at 1.15973,1:1,60,1
2025-11-28T01:09:18.338026,GBPUSD,-1,1.32396,1.32456,1.32336,0.8,OK,10009,LiveEngineScreen,1:1,60,5
2025-11-28T01:09:25.888081,GBPUSD,-1,1.32396,1.32456,1.32336,0.8,OK,10009,LiveEngineScreen,1:1,60,5
2025-11-28T01:09:32.879873,GBPUSD,-1,,1.32455,1.32335,0.8,SKIPPED_MAX,,Max trades reached,1:1,60,5
2025-11-28T01:09:38.289140,GBPUSD,-1,,1.32453,1.3233300000000001,0.8,SKIPPED_MAX,,Max trades reached,1:1,60,5
2025-11-28T01:09:43.766504,GBPUSD,-1,1.32396,1.32387,1.32336,0.8,TRAILING_UPDATE,10009,Moved SL to 1.32387 (Profit > 10 pips),1:1,60,5
2025-11-28T01:09:45.344408,GBPUSD,-1,,1.32438,1.32318,0.8,SKIPPED_MAX,,Max trades reached,1:1,60,5
2025-11-28T01:09:50.863615,GBPUSD,-1,1.32396,1.32388,1.32336,0.8,TRAILING_UPDATE,10009,Moved SL to 1.32388 (Profit > 10 pips),1:1,60,5
2025-11-28T01:09:52.340821,GBPUSD,-1,1.32378,1.32438,1.32318,0.8,OK,10009,LiveEngineScreen,1:1,60,5
2025-11-28T01:09:59.122452,GBPUSD,-1,1.32396,1.32387,1.32336,0.8,TRAILING_UPDATE,10009,Moved SL to 1.32387 (Profit > 10 pips),1:1,60,5
2025-11-28T01:10:05.772408,GBPUSD,-1,1.32396,1.32384,1.32336,0.8,TRAILING_UPDATE,10009,Moved SL to 1.32384 (Profit > 10 pips),1:1,60,5
2025-11-28T01:10:37.372495,GBPUSD,-1,1.32378,1.32384,1.32318,0.8,SL_HIT,0,SELL hit SL at 1.3238699999999999,1:1,60,5
2025-11-28T01:20:13.332222,GBPJPY,1,207.016,206.94,207.06,0.9,OK,10009,LiveEngineScreen,1:1,60,1
2025-11-28T01:20:22.815798,GBPJPY,1,207.014,206.938,207.058,0.9,OK,10009,LiveEngineScreen,1:1,60,1
2025-11-28T01:20:34.502797,GBPJPY,1,,206.938,207.058,0.9,SKIPPED_MAX,,Max trades reached,1:1,60,1
2025-11-28T01:20:39.899226,GBPJPY,1,,206.937,207.05700000000002,0.9,SKIPPED_MAX,,Max trades reached,1:1,60,1
2025-11-28T01:20:45.278629,GBPJPY,1,,206.939,207.059,0.9,SKIPPED_MAX,,Max trades reached,1:1,60,1
2025-11-28T01:20:50.699905,GBPJPY,1,,206.939,207.059,0.9,SKIPPED_MAX,,Max trades reached,1:1,60,1
2025-11-28T01:20:56.091329,GBPJPY,1,,206.939,207.059,0.9,SKIPPED_MAX,,Max trades reached,1:1,60,1
2025-11-28T01:24:14.500640,EURUSD,-1,1.15933,1.15993,1.15873,0.8,OK,10009,LiveEngineScreen,1:1,60,5
2025-11-28T01:24:21.808569,EURUSD,-1,1.15933,1.15993,1.15873,0.8,OK,10009,LiveEngineScreen,1:1,60,5
2025-11-28T01:24:28.588293,EURUSD,-1,,1.15993,1.15873,0.8,SKIPPED_MAX,,Max trades reached,1:1,60,5
2025-11-28T01:24:39.002701,EURUSD,-1,,1.15993,1.15873,0.8,SKIPPED_MAX,,Max trades reached,1:1,60,5
2025-11-28T01:24:44.389240,EURUSD,-1,,1.15993,1.15873,0.8,SKIPPED_MAX,,Max trades reached,1:1,60,5
2025-11-28T01:24:49.777394,EURUSD,-1,,1.15993,1.15873,0.8,SKIPPED_MAX,,Max trades reached,1:1,60,5
2025-11-28T01:26:13.470848,GBPJPY,1,207.014,206.938,207.058,0.9,OK,10009,LiveEngineScreen,1:1,60,1
2025-11-28T01:30:07.324690,GBPJPY,1,207.028,206.952,207.072,0.9,OK,10009,LiveEngineScreen,1:1,60,1
2025-11-28T01:30:15.150107,GBPJPY,1,207.01399999999998,207.014,207.058,0.9,TRAILING_UPDATE,10009,Moved SL to 207.014 (Profit > 10 pips),1:1,60,1
2025-11-28T01:30:17.089192,GBPJPY,1,,206.96099999999998,207.081,0.9,SKIPPED_MAX,,Max trades reached,1:1,60,1
2025-11-28T01:30:22.458006,GBPJPY,1,207.012,207.014,207.072,0.9,SL_HIT,0,BUY hit SL at 207.013,1:1,60,1
2025-11-28T01:30:24.236961,GBPJPY,1,207.032,206.956,207.076,0.9,OK,10009,LiveEngineScreen,1:1,60,1
2025-11-28T01:30:31.129494,GBPJPY,1,,206.95499999999998,207.075,0.9,SKIPPED_MAX,,Max trades reached,1:1,60,1
2025-11-28T01:30:36.648015,GBPJPY,1,207.028,207.029,207.072,0.9,TRAILING_UPDATE,10009,Moved SL to 207.029 (Profit > 10 pips),1:1,60,1
2025-11-28T01:30:38.400661,GBPJPY,1,,206.97899999999998,207.099,0.9,SKIPPED_MAX,,Max trades reached,1:1,60,1
2025-11-28T01:30:43.904110,GBPJPY,1,207.028,207.032,207.072,0.9,TRAILING_UPDATE,10009,Moved SL to 207.032 (Profit > 10 pips),1:1,60,1
2025-11-28T01:30:45.702179,GBPJPY,1,,206.978,207.098,0.9,SKIPPED_MAX,,Max trades reached,1:1,60,1
2025-11-28T01:30:51.088646,GBPJPY,1,,206.978,207.098,0.9,SKIPPED_MAX,,Max trades reached,1:1,60,1
2025-11-28T01:30:56.434277,GBPJPY,1,207.016,207.032,207.076,0.9,SL_HIT,0,BUY hit SL at 207.023,1:1,60,1
2025-11-28T01:30:58.266347,GBPJPY,1,207.038,206.962,207.082,0.9,OK,10009,LiveEngineScreen,1:1,60,1
2025-11-28T01:36:17.651241,GBPJPY,1,207.022,206.962,207.082,0.9,SL_HIT,0,BUY hit SL at 206.958,1:1,60,1
2025-11-28T01:38:16.685031,XAUUSD,1,4189.629,4183.517,4195.517,0.5,OK,10009,LiveEngineScreen,1:1,60,1
2025-11-28T01:38:24.076615,XAUUSD,1,4189.519,4183.407,4195.407,0.5,OK,10009,LiveEngineScreen,1:1,60,1
2025-11-28T01:38:31.150473,XAUUSD,1,,4184.202,4196.202,0.5,SKIPPED_MAX,,Max trades reached,1:1,60,1
2025-11-28T01:38:36.583842,XAUUSD,1,,4184.279,4196.279,0.5,SKIPPED_MAX,,Max trades reached,1:1,60,1
2025-11-28T01:38:41.969454,XAUUSD,1,,4184.485,4196.485,0.5,SKIPPED_MAX,,Max trades reached,1:1,60,1
2025-11-28T01:38:47.387697,XAUUSD,1,,4184.397,4196.397,0.5,SKIPPED_MAX,,Max trades reached,1:1,60,1
2025-11-28T01:38:52.786567,XAUUSD,1,,4183.969,4195.969,0.5,SKIPPED_MAX,,Max trades reached,1:1,60,1
2025-11-28T01:38:58.191415,XAUUSD,1,,4184.064,4196.064,0.5,SKIPPED_MAX,,Max trades reached,1:1,60,1
2025-11-28T01:39:13.867008,XAUUSD,1,4189.629,4189.669,4195.517,0.5,TRAILING_UPDATE,10009,Moved SL to 4189.669 (Profit > 10 pips),1:1,60,1
2025-11-28T01:39:20.505593,XAUUSD,1,4189.629,4189.76,4195.517,0.5,TRAILING_UPDATE,10009,Moved SL to 4189.76 (Profit > 10 pips),1:1,60,1
2025-11-28T01:39:51.466277,XAUUSD,1,4189.629,4189.798,4195.517,0.5,TRAILING_UPDATE,10009,Moved SL to 4189.798 (Profit > 10 pips),1:1,60,1
2025-11-28T01:39:58.404895,XAUUSD,1,4189.629,4189.843,4195.517,0.5,TRAILING_UPDATE,10009,Moved SL to 4189.843 (Profit > 10 pips),1:1,60,1
2025-11-28T01:40:40.663087,XAUUSD,1,4189.629,4189.986,4195.517,0.5,TRAILING_UPDATE,10009,Moved SL to 4189.986 (Profit > 10 pips),1:1,60,1
2025-11-28T01:40:47.759704,XAUUSD,1,4189.629,4190.28,4195.517,0.5,TRAILING_UPDATE,10009,Moved SL to 4190.28 (Profit > 10 pips),1:1,60,1
2025-11-28T01:40:54.768570,XAUUSD,1,4189.629,4190.418,4195.517,0.5,TRAILING_UPDATE,10009,Moved SL to 4190.418 (Profit > 10 pips),1:1,60,1
2025-11-28T01:41:01.781216,XAUUSD,1,4189.629,4190.575,4195.517,0.5,TRAILING_UPDATE,10009,Moved SL to 4190.575 (Profit > 10 pips),1:1,60,1
2025-11-28T01:41:49.069623,XAUUSD,1,4189.629,4190.823,4195.517,0.5,TRAILING_UPDATE,10009,Moved SL to 4190.823 (Profit > 10 pips),1:1,60,1
2025-11-28T01:41:56.317318,XAUUSD,1,4189.629,4191.011,4195.517,0.5,TRAILING_UPDATE,10009,Moved SL to 4191.011 (Profit > 10 pips),1:1,60,1
2025-11-28T01:42:08.495698,XAUUSD,1,4189.629,4191.083,4195.517,0.5,TRAILING_UPDATE,10009,Moved SL to 4191.083 (Profit > 10 pips),1:1,60,1
2025-11-28T01:42:15.358376,XAUUSD,1,4189.629,4191.412,4195.517,0.5,TRAILING_UPDATE,10009,Moved SL to 4191.412 (Profit > 10 pips),1:1,60,1
2025-11-28T01:42:22.079099,XAUUSD,1,4189.629,4191.628,4195.517,0.5,TRAILING_UPDATE,10009,Moved SL to 4191.628 (Profit > 10 pips),1:1,60,1
2025-11-28T01:42:28.721576,XAUUSD,1,4189.629,4191.628,4195.517,0.25,PARTIAL_CLOSE,10009,Partial Close 0.25 lot (Profit > 30.0 pips),1:1,60,1
2025-11-28T01:42:30.619041,XAUUSD,1,4189.629,4191.803,4195.517,0.25,TRAILING_UPDATE,10009,Moved SL to 4191.803 (Profit > 10 pips),1:1,60,1
2025-11-28T01:42:52.740165,XAUUSD,1,4189.629,4191.852,4195.517,0.25,TRAILING_UPDATE,10009,Moved SL to 4191.852 (Profit > 10 pips),1:1,60,1
2025-11-28T01:43:29.977448,XAUUSD,1,4189.629,4191.879,4195.517,0.25,TRAILING_UPDATE,10009,Moved SL to 4191.879 (Profit > 10 pips),1:1,60,1
2025-11-28T01:43:37.027972,XAUUSD,1,4189.629,4191.889,4195.517,0.25,TRAILING_UPDATE,10009,Moved SL to 4191.889 (Profit > 10 pips),1:1,60,1
2025-11-28T01:43:44.036565,XAUUSD,1,4189.629,4192.019,4195.517,0.25,TRAILING_UPDATE,10009,Moved SL to 4192.019 (Profit > 10 pips),1:1,60,1
2025-11-28T01:44:01.081924,XAUUSD,1,4189.519,4190.87,4195.407,0.25,TRAILING_UPDATE,10009,Moved SL to 4190.87 (Profit > 10 pips),1:1,60,1
2025-11-28T01:44:08.116670,XAUUSD,1,4189.519,4191.191,4195.407,0.25,TRAILING_UPDATE,10009,Moved SL to 4191.191 (Profit > 10 pips),1:1,60,1
2025-11-28T01:44:21.092480,XAUUSD,1,4189.519,4191.249,4195.407,0.25,TRAILING_UPDATE,10009,Moved SL to 4191.249 (Profit > 10 pips),1:1,60,1
2025-11-28T01:44:28.153001,XAUUSD,1,4189.519,4191.36,4195.407,0.25,TRAILING_UPDATE,10009,Moved SL to 4191.36 (Profit > 10 pips),1:1,60,1
2025-11-28T01:44:35.093103,XAUUSD,1,4189.519,4191.461,4195.407,0.25,TRAILING_UPDATE,10009,Moved SL to 4191.461 (Profit > 10 pips),1:1,60,1
2025-11-28T01:44:41.928405,XAUUSD,1,4189.519,4191.496,4195.407,0.25,TRAILING_UPDATE,10009,Moved SL to 4191.496 (Profit > 10 pips),1:1,60,1
2025-11-28T01:44:48.805888,XAUUSD,1,4189.519,4191.552,4195.407,0.25,TRAILING_UPDATE,10009,Moved SL to 4191.552 (Profit > 10 pips),1:1,60,1
